"","X.1","X","Date","Time","HomeTeam","AwayTeam","FTHG","FTAG","FTR","HTHG","HTAG","HTR","Referee","HS","AS","HST","AST","HF","AF","HC","AC","HY","AY","HR","AR","B365H","B365D","B365A","B365.2.5","B365.2.5.1","month","total_goals","more_2.5","predited_more_2.5","true_predicted_goals","predicted_result","true_predicted_result","final_at_half","home_predicted_rating","away_predicted_rating","home_final_rating","away_final_rating"
"1",1,1,"09/08/2019","20:00","Liverpool","Norwich",4,1,"H",4,0,"H","M Oliver",15,12,7,5,9,9,11,2,0,2,0,0,1.14,10,19,1.4,3,"August",5,"Yes","Yes","Yes","H","Yes","Yes","top","low","top","low"
"2",2,2,"10/08/2019","12:30","West Ham","Man City",0,5,"A",0,1,"A","M Dean",5,14,3,9,6,13,1,1,2,2,0,0,12,6.5,1.22,1.44,2.75,"August",5,"Yes","Yes","Yes","A","Yes","Yes","low","top","low","top"
"3",3,3,"10/08/2019","15:00","Bournemouth","Sheffield United",1,1,"D",0,0,"D","K Friend",13,8,3,3,10,19,3,4,2,1,0,0,1.95,3.6,3.6,1.9,1.9,"August",2,"No","No","Yes","H","No","Yes","low","low","low","high"
"4",4,4,"10/08/2019","15:00","Burnley","Southampton",3,0,"H",0,0,"D","G Scott",10,11,4,3,6,12,2,7,0,0,0,0,2.62,3.2,2.75,2.1,1.72,"August",3,"Yes","No","No","H","Yes","No","high","mid","high","mid"
"5",5,5,"10/08/2019","15:00","Crystal Palace","Everton",0,0,"D",0,0,"D","J Moss",6,10,2,3,16,14,6,2,2,1,0,1,3,3.25,2.37,2.2,1.66,"August",0,"No","No","Yes","A","No","Yes","mid","high","mid","mid"
"6",6,6,"10/08/2019","15:00","Watford","Brighton",0,3,"A",0,1,"A","C Pawson",11,5,3,3,15,11,5,2,0,1,0,0,1.9,3.4,4,2.1,1.72,"August",3,"Yes","No","No","H","No","Yes","low","low","low","mid"
"7",7,7,"10/08/2019","17:30","Tottenham","Aston Villa",3,1,"H",0,1,"A","C Kavanagh",31,7,7,4,13,9,14,0,1,0,0,0,1.3,5.25,10,1.66,2.2,"August",4,"Yes","Yes","Yes","H","Yes","No","high","low","high","low"
"8",8,8,"11/08/2019","14:00","Leicester","Wolves",0,0,"D",0,0,"D","A Marriner",15,8,1,2,3,13,12,3,0,2,0,0,2.2,3.2,3.4,2.2,1.66,"August",0,"No","No","Yes","H","No","Yes","top","high","top","high"
"9",9,9,"11/08/2019","14:00","Newcastle","Arsenal",0,1,"A",0,0,"D","M Atkinson",9,8,2,2,12,7,5,3,1,3,0,0,4.5,3.75,1.72,1.8,2,"August",1,"No","Yes","No","A","Yes","No","mid","top","mid","high"
"10",10,10,"11/08/2019","16:30","Man United","Chelsea",4,0,"H",1,0,"H","A Taylor",11,18,5,7,15,13,3,5,3,4,0,0,2.1,3.3,3.5,2,1.8,"August",4,"Yes","No","No","H","Yes","Yes","top","top","top","top"
"11",11,11,"17/08/2019","12:30","Arsenal","Burnley",2,1,"H",1,1,"D","M Dean",16,18,9,5,13,11,10,7,2,1,0,0,1.3,5.5,10,1.57,2.37,"August",3,"Yes","Yes","Yes","H","Yes","No","high","low","high","high"
"12",12,12,"17/08/2019","15:00","Aston Villa","Bournemouth",1,2,"A",0,2,"A","M Atkinson",22,12,7,4,10,13,10,5,0,2,0,0,2.3,3.4,3.1,1.8,2,"August",3,"Yes","Yes","Yes","H","No","Yes","low","mid","low","low"
"13",13,13,"17/08/2019","15:00","Brighton","West Ham",1,1,"D",0,0,"D","A Taylor",16,8,4,3,11,10,8,6,0,2,0,0,2.55,3.25,2.87,1.9,1.9,"August",2,"No","No","Yes","H","No","Yes","mid","mid","mid","low"
"14",14,14,"17/08/2019","15:00","Everton","Watford",1,0,"H",1,0,"H","L Mason",12,8,2,2,11,11,4,7,2,3,0,0,1.72,3.8,4.75,1.72,2.1,"August",1,"No","Yes","No","H","Yes","Yes","mid","mid","mid","low"
"15",15,15,"17/08/2019","15:00","Norwich","Newcastle",3,1,"H",1,0,"H","S Attwell",15,10,8,3,9,11,7,5,1,3,0,0,2.25,3.3,3.3,1.9,1.9,"August",4,"Yes","No","No","H","Yes","Yes","low","mid","low","mid"
"16",16,16,"17/08/2019","15:00","Southampton","Liverpool",1,2,"A",0,1,"A","A Marriner",14,15,3,6,10,6,5,9,2,1,0,0,6.5,4.75,1.44,1.66,2.2,"August",3,"Yes","Yes","Yes","A","Yes","Yes","mid","top","mid","top"
"17",17,17,"17/08/2019","17:30","Man City","Tottenham",2,2,"D",2,1,"H","M Oliver",30,3,10,2,14,4,13,2,1,0,0,0,1.36,5.25,8,1.53,2.5,"August",4,"Yes","Yes","Yes","H","No","No","top","top","top","high"
"18",18,18,"18/08/2019","14:00","Sheffield United","Crystal Palace",1,0,"H",0,0,"D","D Coote",15,6,3,4,16,11,8,4,3,1,0,0,2.55,3.1,2.9,2.3,1.61,"August",1,"No","No","Yes","H","Yes","No","high","high","high","mid"
"19",19,19,"18/08/2019","16:30","Chelsea","Leicester",1,1,"D",1,0,"H","O Langford",14,12,5,3,9,14,4,5,1,0,0,0,1.7,3.75,5,1.9,1.9,"August",2,"No","No","Yes","H","No","No","top","high","top","top"
"20",20,20,"19/08/2019","20:00","Wolves","Man United",1,1,"D",0,1,"A","J Moss",6,9,2,2,17,8,4,6,2,2,0,0,3.3,3.3,2.25,2.1,1.72,"August",2,"No","No","Yes","A","No","No","high","high","high","top"
"21",21,21,"23/08/2019","20:00","Aston Villa","Everton",2,0,"H",1,0,"H","M Oliver",7,12,3,1,10,18,0,6,2,3,0,0,3.25,3.5,2.15,1.72,2.1,"August",2,"No","Yes","No","A","No","Yes","low","high","low","mid"
"22",22,22,"24/08/2019","12:30","Norwich","Chelsea",2,3,"A",2,2,"D","M Atkinson",6,23,5,8,9,9,1,8,1,1,0,0,4.33,3.75,1.8,1.53,2.5,"August",5,"Yes","Yes","Yes","A","Yes","No","low","top","low","top"
"23",23,23,"24/08/2019","15:00","Brighton","Southampton",0,2,"A",0,0,"D","K Friend",12,12,3,4,9,10,8,5,1,3,1,0,2.4,3.3,3,2.1,1.72,"August",2,"No","No","Yes","H","No","No","mid","mid","mid","mid"
"24",24,24,"24/08/2019","15:00","Man United","Crystal Palace",1,2,"A",0,1,"A","P Tierney",22,5,3,3,8,18,8,1,2,4,0,0,1.33,5.25,9,1.72,2.1,"August",3,"Yes","Yes","Yes","H","No","Yes","top","high","top","mid"
"25",25,25,"24/08/2019","15:00","Sheffield United","Leicester",1,2,"A",0,1,"A","A Madley",8,10,3,2,11,6,7,4,1,0,0,0,3.3,3.3,2.25,2.3,1.61,"August",3,"Yes","No","No","A","Yes","Yes","high","high","high","top"
"26",26,26,"24/08/2019","15:00","Watford","West Ham",1,3,"A",1,1,"D","C Kavanagh",23,16,3,10,12,11,8,7,1,1,0,0,2.05,3.5,3.5,1.72,2.1,"August",4,"Yes","Yes","Yes","H","No","No","low","mid","low","low"
"27",27,27,"24/08/2019","17:30","Liverpool","Arsenal",3,1,"H",1,0,"H","A Taylor",25,9,5,3,8,5,6,4,1,1,0,0,1.5,4.6,6,1.44,2.75,"August",4,"Yes","Yes","Yes","H","Yes","Yes","top","top","top","high"
"28",28,28,"25/08/2019","14:00","Bournemouth","Man City",1,3,"A",1,2,"A","A Marriner",10,19,7,5,7,13,4,5,1,3,0,0,15,7.5,1.16,1.36,3.2,"August",4,"Yes","Yes","Yes","A","Yes","Yes","low","top","low","top"
"29",29,29,"25/08/2019","16:30","Tottenham","Newcastle",0,1,"A",0,1,"A","M Dean",17,8,2,3,10,5,6,6,2,2,0,0,1.2,6.5,14,1.53,2.5,"August",1,"No","Yes","No","H","No","Yes","high","mid","high","mid"
"30",30,30,"25/08/2019","16:30","Wolves","Burnley",1,1,"D",0,1,"A","C Pawson",17,13,2,4,9,11,4,3,0,2,0,0,1.85,3.4,4.5,2.3,1.61,"August",2,"No","No","Yes","H","No","No","high","low","high","high"
"31",31,31,"31/08/2019","12:30","Southampton","Man United",1,1,"D",0,1,"A","M Dean",10,21,2,8,17,7,2,3,1,2,1,0,3.8,3.3,2.05,1.9,1.9,"August",2,"No","No","Yes","A","No","No","mid","high","mid","top"
"32",32,32,"31/08/2019","15:00","Chelsea","Sheffield United",2,2,"D",2,0,"H","S Attwell",13,8,5,2,6,11,3,4,0,1,0,0,1.36,4.75,9,1.72,2.1,"August",4,"Yes","Yes","Yes","H","No","No","top","low","top","high"
"33",33,33,"31/08/2019","15:00","Crystal Palace","Aston Villa",1,0,"H",0,0,"D","K Friend",22,10,5,2,15,16,13,2,2,4,0,1,2.15,3.3,3.5,1.9,1.9,"August",1,"No","No","Yes","H","Yes","No","mid","low","mid","low"
"34",34,34,"31/08/2019","15:00","Leicester","Bournemouth",3,1,"H",2,1,"H","P Bankes",13,8,5,2,9,11,4,5,1,3,0,0,1.7,4,4.75,1.66,2.2,"August",4,"Yes","Yes","Yes","H","Yes","Yes","top","mid","top","low"
"35",35,35,"31/08/2019","15:00","Man City","Brighton",4,0,"H",2,0,"H","J Moss",15,6,6,2,10,6,8,1,1,1,0,0,1.08,10,26,1.3,3.5,"August",4,"Yes","Yes","Yes","H","Yes","Yes","top","low","top","mid"
"36",36,36,"31/08/2019","15:00","Newcastle","Watford",1,1,"D",1,1,"D","G Scott",13,13,5,3,5,11,6,5,2,3,0,0,2.5,3.25,2.87,2,1.8,"August",2,"No","No","Yes","H","No","Yes","mid","mid","mid","low"
"37",37,37,"31/08/2019","15:00","West Ham","Norwich",2,0,"H",1,0,"H","P Tierney",18,8,8,3,16,10,8,2,2,1,0,0,1.85,3.9,3.9,1.44,2.75,"August",2,"No","Yes","No","H","Yes","Yes","low","low","low","low"
"38",38,38,"31/08/2019","17:30","Burnley","Liverpool",0,3,"A",0,2,"A","C Kavanagh",7,15,2,7,10,16,6,4,0,0,0,0,9.5,5.5,1.3,1.61,2.3,"August",3,"Yes","Yes","Yes","A","Yes","Yes","high","top","high","top"
"39",39,39,"01/09/2019","14:00","Everton","Wolves",3,2,"H",2,1,"H","A Taylor",15,8,6,5,12,12,7,7,1,4,0,1,2.2,3.25,3.5,2.2,1.66,"September",5,"Yes","No","No","H","Yes","Yes","mid","high","mid","high"
"40",40,40,"01/09/2019","16:30","Arsenal","Tottenham",2,2,"D",1,2,"A","M Atkinson",26,13,8,9,13,19,11,6,3,5,0,0,2.37,3.6,2.8,1.57,2.37,"September",4,"Yes","Yes","Yes","H","No","No","high","top","high","high"
"41",41,41,"14/09/2019","12:30","Liverpool","Newcastle",3,1,"H",2,1,"H","A Marriner",21,8,9,1,5,4,10,1,0,0,0,0,1.14,8.5,17,1.4,3,"September",4,"Yes","Yes","Yes","H","Yes","Yes","top","mid","top","mid"
"42",42,42,"14/09/2019","15:00","Brighton","Burnley",1,1,"D",0,0,"D","M Oliver",14,7,5,1,13,7,3,6,0,2,0,0,2.15,3.3,3.5,2.1,1.72,"September",2,"No","No","Yes","H","No","Yes","mid","low","mid","high"
"43",43,43,"14/09/2019","15:00","Man United","Leicester",1,0,"H",1,0,"H","M Atkinson",10,9,5,3,14,14,3,9,1,2,0,0,1.95,3.5,4,1.9,1.9,"September",1,"No","No","Yes","H","Yes","Yes","top","high","top","top"
"44",44,44,"14/09/2019","15:00","Sheffield United","Southampton",0,1,"A",0,0,"D","L Mason",17,11,4,7,10,7,12,6,1,1,1,0,2.45,3.2,3,2.1,1.72,"September",1,"No","No","Yes","H","No","No","high","mid","high","mid"
"45",45,45,"14/09/2019","15:00","Tottenham","Crystal Palace",4,0,"H",4,0,"H","C Pawson",13,11,5,6,19,11,4,3,4,2,0,0,1.36,5.25,8,1.61,2.3,"September",4,"Yes","Yes","Yes","H","Yes","Yes","high","high","high","mid"
"46",46,46,"14/09/2019","15:00","Wolves","Chelsea",2,5,"A",0,3,"A","G Scott",11,15,4,6,8,11,7,5,1,2,0,0,2.9,3.3,2.5,1.9,1.9,"September",7,"Yes","No","No","A","Yes","Yes","high","top","high","top"
"47",47,47,"14/09/2019","17:30","Norwich","Man City",3,2,"H",2,1,"H","K Friend",7,25,3,8,8,7,3,16,3,1,0,0,15,9,1.14,1.22,4.33,"September",5,"Yes","Yes","Yes","A","No","Yes","low","top","low","top"
"48",48,48,"15/09/2019","14:00","Bournemouth","Everton",3,1,"H",1,1,"D","P Tierney",13,14,6,5,5,14,7,7,0,4,0,0,2.9,3.5,2.4,1.72,2.1,"September",4,"Yes","Yes","Yes","A","No","No","low","high","low","mid"
"49",49,49,"15/09/2019","16:30","Watford","Arsenal",2,2,"D",0,2,"A","A Taylor",31,10,7,4,14,4,7,1,3,3,0,0,3.6,3.6,2,1.57,2.37,"September",4,"Yes","Yes","Yes","A","No","No","low","top","low","high"
"50",50,50,"16/09/2019","20:00","Aston Villa","West Ham",0,0,"D",0,0,"D","M Dean",10,13,5,1,13,12,2,4,2,1,0,1,2.62,3.5,2.6,1.61,2.3,"September",0,"No","Yes","No","A","No","Yes","low","mid","low","low"
"51",51,51,"20/09/2019","20:00","Southampton","Bournemouth",1,3,"A",0,2,"A","C Kavanagh",25,6,6,3,8,9,4,5,1,3,0,0,2.05,3.6,3.5,1.66,2.2,"September",4,"Yes","Yes","Yes","H","No","Yes","mid","mid","mid","low"
"52",52,52,"21/09/2019","12:30","Leicester","Tottenham",2,1,"H",0,1,"A","P Tierney",16,11,7,4,16,13,8,2,1,2,0,0,2.87,3.5,2.37,1.8,2,"September",3,"Yes","Yes","Yes","A","No","No","top","top","top","high"
"53",53,53,"21/09/2019","15:00","Burnley","Norwich",2,0,"H",2,0,"H","D Coote",13,11,6,2,11,10,7,3,0,1,0,0,2,3.8,3.5,1.66,2.2,"September",2,"No","Yes","No","H","Yes","Yes","high","low","high","low"
"54",54,54,"21/09/2019","15:00","Everton","Sheffield United",0,2,"A",0,1,"A","S Hooper",16,2,3,1,9,9,12,3,1,3,0,0,1.61,3.75,6,2,1.8,"September",2,"No","No","Yes","H","No","Yes","mid","low","mid","high"
"55",55,55,"21/09/2019","15:00","Man City","Watford",8,0,"H",5,0,"H","M Dean",28,5,11,4,5,9,5,4,2,2,0,0,1.1,11,21,1.25,4,"September",8,"Yes","Yes","Yes","H","Yes","Yes","top","mid","top","low"
"56",56,56,"21/09/2019","17:30","Newcastle","Brighton",0,0,"D",0,0,"D","M Atkinson",11,16,4,3,12,8,5,3,2,1,0,0,2.5,3.2,3,2.3,1.61,"September",0,"No","No","Yes","H","No","Yes","mid","low","mid","mid"
"57",57,57,"22/09/2019","14:00","Crystal Palace","Wolves",1,1,"D",0,0,"D","S Attwell",13,14,4,4,7,10,6,7,2,1,0,1,2.62,3.1,2.87,2.37,1.57,"September",2,"No","No","Yes","H","No","Yes","mid","high","mid","high"
"58",58,58,"22/09/2019","14:00","West Ham","Man United",2,0,"H",1,0,"H","A Taylor",8,9,6,3,8,9,3,7,2,2,0,0,3.1,3.6,2.2,1.66,2.2,"September",2,"No","Yes","No","A","No","Yes","low","high","low","top"
"59",59,59,"22/09/2019","16:30","Arsenal","Aston Villa",3,2,"H",0,1,"A","J Moss",21,14,6,9,13,15,9,4,5,1,1,0,1.4,4.75,8,1.44,2.75,"September",5,"Yes","Yes","Yes","H","Yes","No","high","low","high","low"
"60",60,60,"22/09/2019","16:30","Chelsea","Liverpool",1,2,"A",0,2,"A","M Oliver",13,6,2,3,8,13,6,4,3,3,0,0,3.5,3.75,2,1.57,2.37,"September",3,"Yes","Yes","Yes","A","Yes","Yes","top","top","top","top"
"61",61,61,"28/09/2019","12:30","Sheffield United","Liverpool",0,1,"A",0,0,"D","A Taylor",12,16,2,4,8,4,6,5,1,1,0,0,9,5.25,1.33,1.61,2.3,"September",1,"No","Yes","No","A","Yes","No","high","top","high","top"
"62",62,62,"28/09/2019","15:00","Aston Villa","Burnley",2,2,"D",1,0,"H","L Mason",16,10,3,3,10,16,7,3,1,4,0,0,2.3,3.4,3.1,1.9,1.9,"September",4,"Yes","No","No","H","No","No","low","low","low","high"
"63",63,63,"28/09/2019","15:00","Bournemouth","West Ham",2,2,"D",1,1,"D","S Attwell",13,17,5,6,7,8,6,6,3,1,0,0,2.5,3.5,2.75,1.57,2.37,"September",4,"Yes","Yes","Yes","H","No","Yes","low","mid","low","low"
"64",64,64,"28/09/2019","15:00","Chelsea","Brighton",2,0,"H",0,0,"D","C Kavanagh",24,8,10,1,5,13,5,2,2,3,0,0,1.4,4.75,8,1.66,2.2,"September",2,"No","Yes","No","H","Yes","No","top","low","top","mid"
"65",65,65,"28/09/2019","15:00","Crystal Palace","Norwich",2,0,"H",1,0,"H","J Moss",15,10,3,3,14,10,5,5,3,1,0,0,1.9,3.75,3.75,1.72,2.1,"September",2,"No","Yes","No","H","Yes","Yes","mid","low","mid","low"
"66",66,66,"28/09/2019","15:00","Tottenham","Southampton",2,1,"H",2,1,"H","G Scott",9,14,4,6,5,16,6,6,0,2,1,0,1.4,4.75,8,1.57,2.37,"September",3,"Yes","Yes","Yes","H","Yes","Yes","high","mid","high","mid"
"67",67,67,"28/09/2019","15:00","Wolves","Watford",2,0,"H",1,0,"H","P Tierney",6,14,2,5,5,6,1,6,0,1,0,0,1.85,3.4,4.5,1.9,1.9,"September",2,"No","No","Yes","H","Yes","Yes","high","mid","high","low"
"68",68,68,"28/09/2019","17:30","Everton","Man City",1,3,"A",1,1,"D","M Oliver",12,20,8,9,4,8,5,2,2,2,0,0,10,5.5,1.3,1.5,2.62,"September",4,"Yes","Yes","Yes","A","Yes","No","mid","top","mid","top"
"69",69,69,"29/09/2019","16:30","Leicester","Newcastle",5,0,"H",1,0,"H","C Pawson",13,3,5,0,12,9,9,0,1,1,0,1,1.5,4,7.5,2,1.8,"September",5,"Yes","No","No","H","Yes","Yes","top","mid","top","mid"
"70",70,70,"30/09/2019","20:00","Man United","Arsenal",1,1,"D",1,0,"H","K Friend",16,10,4,5,18,13,8,7,4,2,0,0,2.37,3.5,2.9,1.61,2.3,"September",2,"No","Yes","No","H","No","No","top","top","top","high"
"71",71,71,"05/10/2019","12:30","Brighton","Tottenham",3,0,"H",2,0,"H","J Moss",17,8,6,3,11,7,4,4,2,1,0,0,3.9,3.6,1.9,1.72,2.1,"October",3,"Yes","Yes","Yes","A","No","Yes","mid","top","mid","high"
"72",72,72,"05/10/2019","15:00","Burnley","Everton",1,0,"H",0,0,"D","G Scott",9,11,3,2,5,12,7,9,2,1,0,1,2.87,3.3,2.5,2.1,1.72,"October",1,"No","No","Yes","A","No","No","high","high","high","mid"
"73",73,73,"05/10/2019","15:00","Liverpool","Leicester",2,1,"H",1,0,"H","C Kavanagh",18,2,8,1,9,17,4,6,1,4,0,0,1.44,4.75,7,1.57,2.37,"October",3,"Yes","Yes","Yes","H","Yes","Yes","top","high","top","top"
"74",74,74,"05/10/2019","15:00","Norwich","Aston Villa",1,5,"A",0,2,"A","A Madley",21,22,5,12,14,17,10,6,1,3,0,0,2.37,3.6,2.8,1.57,2.37,"October",6,"Yes","Yes","Yes","H","No","Yes","low","low","low","low"
"75",75,75,"05/10/2019","15:00","Watford","Sheffield United",0,0,"D",0,0,"D","A Marriner",8,9,2,3,7,6,7,7,0,2,0,0,2.05,3.4,3.6,2,1.8,"October",0,"No","No","Yes","H","No","Yes","low","low","low","high"
"76",76,76,"05/10/2019","17:30","West Ham","Crystal Palace",1,2,"A",0,0,"D","M Oliver",9,7,4,4,11,7,2,2,3,2,0,0,1.95,3.6,3.8,1.8,2,"October",3,"Yes","Yes","Yes","H","No","No","low","high","low","mid"
"77",77,77,"06/10/2019","14:00","Arsenal","Bournemouth",1,0,"H",1,0,"H","M Atkinson",12,10,2,2,12,6,14,5,1,2,0,0,1.44,4.75,7,1.33,3.4,"October",1,"No","Yes","No","H","Yes","Yes","high","mid","high","low"
"78",78,78,"06/10/2019","14:00","Man City","Wolves",0,2,"A",0,0,"D","C Pawson",18,7,2,2,11,14,9,1,5,2,0,0,1.12,9,21,1.36,3.2,"October",2,"No","Yes","No","H","No","No","top","high","top","high"
"79",79,79,"06/10/2019","14:00","Southampton","Chelsea",1,4,"A",1,3,"A","P Tierney",10,13,3,7,8,15,3,4,0,1,0,0,4,3.8,1.85,1.72,2.1,"October",5,"Yes","Yes","Yes","A","Yes","Yes","mid","top","mid","top"
"80",80,80,"06/10/2019","16:30","Newcastle","Man United",1,0,"H",0,0,"D","M Dean",12,12,2,3,12,10,4,6,3,3,0,0,4.5,3.5,1.85,2.2,1.66,"October",1,"No","No","Yes","A","No","No","mid","high","mid","top"
"81",81,81,"19/10/2019","12:30","Everton","West Ham",2,0,"H",1,0,"H","P Tierney",19,8,10,4,15,15,11,2,2,2,0,0,1.95,3.75,3.75,1.72,2.1,"October",2,"No","Yes","No","H","Yes","Yes","mid","mid","mid","low"
"82",82,82,"19/10/2019","15:00","Aston Villa","Brighton",2,1,"H",1,1,"D","D Coote",24,20,8,5,9,17,7,5,1,2,0,1,2.35,3.4,3,1.8,2,"October",3,"Yes","Yes","Yes","H","Yes","No","low","low","low","mid"
"83",83,83,"19/10/2019","15:00","Bournemouth","Norwich",0,0,"D",0,0,"D","L Mason",11,10,2,1,8,11,6,7,1,3,0,0,1.72,4.2,4.2,1.4,3,"October",0,"No","Yes","No","H","No","Yes","low","low","low","low"
"84",84,84,"19/10/2019","15:00","Chelsea","Newcastle",1,0,"H",0,0,"D","A Marriner",16,5,8,0,9,12,11,0,2,1,0,0,1.3,5.5,10,1.57,2.37,"October",1,"No","Yes","No","H","Yes","No","top","mid","top","mid"
"85",85,85,"19/10/2019","15:00","Leicester","Burnley",2,1,"H",1,1,"D","J Moss",19,13,3,4,4,10,9,4,0,3,0,0,1.57,4,6,1.9,1.9,"October",3,"Yes","No","No","H","Yes","No","top","low","top","high"
"86",86,86,"19/10/2019","15:00","Tottenham","Watford",1,1,"D",0,1,"A","C Kavanagh",12,7,2,2,5,9,11,2,4,3,0,0,1.4,5,7.5,1.53,2.5,"October",2,"No","Yes","No","H","No","No","high","mid","high","low"
"87",87,87,"19/10/2019","15:00","Wolves","Southampton",1,1,"D",0,0,"D","P Bankes",4,14,1,5,10,17,1,3,3,2,0,0,1.8,3.6,4.5,2.1,1.72,"October",2,"No","No","Yes","H","No","Yes","high","mid","high","mid"
"88",88,88,"19/10/2019","17:30","Crystal Palace","Man City",0,2,"A",0,2,"A","A Taylor",7,21,2,10,8,10,1,8,1,1,0,0,12,7,1.22,1.44,2.75,"October",2,"No","Yes","No","A","Yes","Yes","mid","top","mid","top"
"89",89,89,"20/10/2019","16:30","Man United","Liverpool",1,1,"D",1,0,"H","M Atkinson",7,10,2,4,6,14,3,1,0,1,0,0,5.25,3.8,1.65,1.72,2.1,"October",2,"No","Yes","No","A","No","No","top","top","top","top"
"90",90,90,"21/10/2019","20:00","Sheffield United","Arsenal",1,0,"H",1,0,"H","M Dean",8,9,2,3,10,12,7,12,4,4,0,0,3.9,3.75,1.9,1.66,2.2,"October",1,"No","Yes","No","A","No","Yes","high","top","high","high"
"91",91,91,"25/10/2019","20:00","Southampton","Leicester",0,9,"A",0,5,"A","A Marriner",6,25,3,15,3,12,2,7,0,0,1,0,3.1,3.4,2.3,2,1.8,"October",9,"Yes","No","No","A","Yes","Yes","mid","high","mid","top"
"92",92,92,"26/10/2019","12:30","Man City","Aston Villa",3,0,"H",0,0,"D","G Scott",25,11,9,5,10,5,13,7,1,1,1,0,1.08,11,26,1.22,4.33,"October",3,"Yes","Yes","Yes","H","Yes","No","top","low","top","low"
"93",93,93,"26/10/2019","15:00","Brighton","Everton",3,2,"H",1,1,"D","A Madley",8,10,4,6,12,12,0,5,2,1,0,0,2.9,3.25,2.5,2,1.8,"October",5,"Yes","No","No","A","No","No","mid","high","mid","mid"
"94",94,94,"26/10/2019","15:00","Watford","Bournemouth",0,0,"D",0,0,"D","M Dean",7,15,3,5,14,8,5,10,5,3,0,0,2.15,3.6,3.25,1.66,2.2,"October",0,"No","Yes","No","H","No","Yes","low","mid","low","low"
"95",95,95,"26/10/2019","15:00","West Ham","Sheffield United",1,1,"D",1,0,"H","D Coote",12,10,4,4,7,10,10,4,2,2,0,0,2.1,3.5,3.5,1.9,1.9,"October",2,"No","No","Yes","H","No","No","low","low","low","high"
"96",96,96,"26/10/2019","17:30","Burnley","Chelsea",2,4,"A",0,2,"A","M Oliver",13,16,5,7,7,8,5,6,3,2,0,0,4.5,4,1.72,1.66,2.2,"October",6,"Yes","Yes","Yes","A","Yes","Yes","high","top","high","top"
"97",97,97,"27/10/2019","14:00","Newcastle","Wolves",1,1,"D",1,0,"H","K Friend",13,13,2,5,8,15,3,6,2,2,1,0,3,3.1,2.55,2.5,1.53,"October",2,"No","No","Yes","A","No","No","mid","high","mid","high"
"98",98,98,"27/10/2019","16:30","Arsenal","Crystal Palace",2,2,"D",2,1,"H","M Atkinson",15,10,6,4,18,9,12,5,2,0,0,0,1.45,4.75,6.5,1.53,2.5,"October",4,"Yes","Yes","Yes","H","No","No","high","high","high","mid"
"99",99,99,"27/10/2019","16:30","Liverpool","Tottenham",2,1,"H",0,1,"A","A Taylor",21,11,13,4,9,11,8,3,3,3,0,0,1.5,4.33,6.5,1.53,2.5,"October",3,"Yes","Yes","Yes","H","Yes","No","top","top","top","high"
"100",100,100,"27/10/2019","16:30","Norwich","Man United",1,3,"A",0,2,"A","S Attwell",10,21,3,11,13,10,1,10,2,2,0,0,4.33,4,1.75,1.66,2.2,"October",4,"Yes","Yes","Yes","A","Yes","Yes","low","high","low","top"
"101",101,101,"02/11/2019","12:30","Bournemouth","Man United",1,0,"H",1,0,"H","C Kavanagh",12,15,6,4,14,12,4,10,4,3,0,0,3.25,3.6,2.15,1.9,1.9,"November",1,"No","No","Yes","A","No","Yes","low","high","low","top"
"102",102,102,"02/11/2019","15:00","Arsenal","Wolves",1,1,"D",1,0,"H","M Oliver",10,25,4,8,6,15,8,9,0,2,0,0,1.75,3.75,4.75,1.72,2.1,"November",2,"No","Yes","No","H","No","No","high","high","high","high"
"103",103,103,"02/11/2019","15:00","Aston Villa","Liverpool",1,2,"A",1,0,"H","J Moss",5,25,2,6,12,9,2,10,1,2,0,0,9,5,1.33,1.44,2.75,"November",3,"Yes","Yes","Yes","A","Yes","No","low","top","low","top"
"104",104,104,"02/11/2019","15:00","Brighton","Norwich",2,0,"H",0,0,"D","K Friend",21,7,5,0,11,8,8,3,0,1,0,0,1.72,4.2,4.33,1.66,2.2,"November",2,"No","Yes","No","H","Yes","No","mid","low","mid","low"
"105",105,105,"02/11/2019","15:00","Man City","Southampton",2,1,"H",0,1,"A","L Mason",26,3,4,3,11,10,17,0,3,1,0,0,1.07,13,23,1.22,4.33,"November",3,"Yes","Yes","Yes","H","Yes","No","top","mid","top","mid"
"106",106,106,"02/11/2019","15:00","Sheffield United","Burnley",3,0,"H",3,0,"H","S Hooper",13,6,6,0,8,12,7,6,1,2,0,0,2.25,3.2,3.4,2.3,1.61,"November",3,"Yes","No","No","H","Yes","Yes","high","low","high","high"
"107",107,107,"02/11/2019","15:00","West Ham","Newcastle",2,3,"A",0,2,"A","S Attwell",16,12,6,9,10,7,7,3,2,1,0,0,1.75,3.8,4.5,1.8,2,"November",5,"Yes","Yes","Yes","H","No","Yes","low","mid","low","mid"
"108",108,108,"02/11/2019","17:30","Watford","Chelsea",1,2,"A",0,1,"A","A Taylor",12,16,3,10,8,5,1,6,4,2,0,0,5,4.33,1.61,1.61,2.3,"November",3,"Yes","Yes","Yes","A","Yes","Yes","low","top","low","top"
"109",109,109,"03/11/2019","14:00","Crystal Palace","Leicester",0,2,"A",0,0,"D","P Tierney",12,14,3,5,15,16,5,6,2,2,0,0,3.5,3.4,2.1,2,1.8,"November",2,"No","No","Yes","A","Yes","No","mid","high","mid","top"
"110",110,110,"03/11/2019","16:30","Everton","Tottenham",1,1,"D",0,0,"D","M Atkinson",7,4,3,2,9,8,5,2,1,2,0,1,2.7,3.4,2.6,1.72,2.1,"November",2,"No","Yes","No","A","No","Yes","mid","top","mid","high"
"111",111,111,"08/11/2019","20:00","Norwich","Watford",0,2,"A",0,1,"A","A Marriner",17,12,5,2,7,13,10,4,1,2,0,1,2.7,3.5,2.55,1.66,2.2,"November",2,"No","Yes","No","A","Yes","Yes","low","mid","low","low"
"112",112,112,"09/11/2019","12:30","Chelsea","Crystal Palace",2,0,"H",0,0,"D","M Dean",23,3,5,1,9,17,7,0,3,2,0,0,1.33,5,10,1.57,2.37,"November",2,"No","Yes","No","H","Yes","No","top","high","top","mid"
"113",113,113,"09/11/2019","15:00","Burnley","West Ham",3,0,"H",2,0,"H","K Friend",14,7,12,4,17,10,11,4,2,1,0,0,2.25,3.5,3.1,1.66,2.2,"November",3,"Yes","Yes","Yes","H","Yes","Yes","high","mid","high","low"
"114",114,114,"09/11/2019","15:00","Newcastle","Bournemouth",2,1,"H",1,1,"D","M Atkinson",20,16,9,3,10,5,5,4,2,0,0,0,2.55,3.25,2.8,2,1.8,"November",3,"Yes","No","No","H","Yes","No","mid","mid","mid","low"
"115",115,115,"09/11/2019","15:00","Southampton","Everton",1,2,"A",0,1,"A","P Tierney",4,24,3,5,12,12,5,9,1,1,0,0,2.9,3.3,2.45,1.9,1.9,"November",3,"Yes","No","No","A","Yes","Yes","mid","high","mid","mid"
"116",116,116,"09/11/2019","15:00","Tottenham","Sheffield United",1,1,"D",0,0,"D","G Scott",17,14,5,4,6,9,4,4,2,2,0,0,1.57,4,6,1.8,2,"November",2,"No","Yes","No","H","No","Yes","high","low","high","high"
"117",117,117,"09/11/2019","17:30","Leicester","Arsenal",2,0,"H",0,0,"D","C Kavanagh",19,8,7,1,10,10,5,4,1,1,0,0,2,3.75,3.5,1.57,2.37,"November",2,"No","Yes","No","H","Yes","No","top","top","top","high"
"118",118,118,"10/11/2019","14:00","Man United","Brighton",3,1,"H",2,0,"H","J Moss",21,6,11,2,10,14,5,2,2,5,0,0,1.6,3.75,6.5,2,1.8,"November",4,"Yes","No","No","H","Yes","Yes","top","low","top","mid"
"119",119,119,"10/11/2019","14:00","Wolves","Aston Villa",2,1,"H",1,0,"H","A Taylor",17,13,5,4,17,8,6,3,4,3,0,0,1.9,3.5,4.2,1.9,1.9,"November",3,"Yes","No","No","H","Yes","Yes","high","low","high","low"
"120",120,120,"10/11/2019","16:30","Liverpool","Man City",3,1,"H",2,0,"H","M Oliver",12,18,5,3,10,5,4,13,0,2,0,0,2.5,3.6,2.62,1.66,2.2,"November",4,"Yes","Yes","Yes","H","Yes","Yes","top","top","top","top"
"121",121,121,"23/11/2019","12:30","West Ham","Tottenham",2,3,"A",0,2,"A","M Oliver",11,15,4,6,12,14,3,7,3,2,0,0,4.2,4.33,1.7,1.53,2.5,"November",5,"Yes","Yes","Yes","A","Yes","Yes","low","top","low","high"
"122",122,122,"23/11/2019","15:00","Arsenal","Southampton",2,2,"D",1,1,"D","S Attwell",12,21,5,6,13,19,6,8,6,2,0,0,1.45,4.75,6.5,1.44,2.75,"November",4,"Yes","Yes","Yes","H","No","Yes","high","mid","high","mid"
"123",123,123,"23/11/2019","15:00","Bournemouth","Wolves",1,2,"A",0,2,"A","S Hooper",9,17,2,7,10,12,5,9,2,1,1,0,2.75,3.3,2.6,2,1.8,"November",3,"Yes","No","No","A","Yes","Yes","low","high","low","high"
"124",124,124,"23/11/2019","15:00","Brighton","Leicester",0,2,"A",0,0,"D","M Dean",7,19,0,9,9,1,6,7,2,0,0,0,3.75,3.5,2,1.9,1.9,"November",2,"No","No","Yes","A","Yes","No","mid","high","mid","top"
"125",125,125,"23/11/2019","15:00","Crystal Palace","Liverpool",1,2,"A",0,0,"D","K Friend",16,12,6,4,8,7,9,8,0,1,0,0,7.5,4.75,1.4,1.66,2.2,"November",3,"Yes","Yes","Yes","A","Yes","No","mid","top","mid","top"
"126",126,126,"23/11/2019","15:00","Everton","Norwich",0,2,"A",0,0,"D","A Taylor",18,13,7,5,12,11,7,7,3,5,0,0,1.36,5.1,8,1.53,2.5,"November",2,"No","Yes","No","H","No","No","mid","low","mid","low"
"127",127,127,"23/11/2019","15:00","Watford","Burnley",0,3,"A",0,0,"D","P Tierney",15,11,4,5,14,13,7,5,0,3,0,0,2.3,3.4,3.1,2,1.8,"November",3,"Yes","No","No","H","No","No","low","low","low","high"
"128",128,128,"23/11/2019","17:30","Man City","Chelsea",2,1,"H",2,1,"H","M Atkinson",15,11,4,2,5,9,8,2,1,1,0,0,1.44,5,6.5,1.4,3,"November",3,"Yes","Yes","Yes","H","Yes","Yes","top","top","top","top"
"129",129,129,"24/11/2019","16:30","Sheffield United","Man United",3,3,"D",1,0,"H","A Marriner",12,11,8,5,13,10,6,3,1,2,0,0,3.5,3.4,2.1,2.2,1.66,"November",6,"Yes","No","No","A","No","No","high","high","high","top"
"130",130,130,"25/11/2019","20:00","Aston Villa","Newcastle",2,0,"H",2,0,"H","L Mason",17,11,8,5,10,9,11,6,1,1,0,0,2.05,3.4,3.7,1.9,1.9,"November",2,"No","No","Yes","H","Yes","Yes","low","mid","low","mid"
"131",131,131,"30/11/2019","12:30","Newcastle","Man City",2,2,"D",1,1,"D","C Kavanagh",6,24,3,9,4,6,1,10,1,2,0,0,13,8,1.16,1.44,2.75,"November",4,"Yes","Yes","Yes","A","No","Yes","mid","top","mid","top"
"132",132,132,"30/11/2019","15:00","Burnley","Crystal Palace",0,2,"A",0,1,"A","P Bankes",15,7,4,2,13,10,5,6,2,0,0,0,2.25,3.25,3.3,2.2,1.66,"November",2,"No","No","Yes","H","No","Yes","high","high","high","mid"
"133",133,133,"30/11/2019","15:00","Chelsea","West Ham",0,1,"A",0,0,"D","J Moss",19,5,6,4,0,16,9,3,0,3,0,0,1.28,6,9,1.4,3,"November",1,"No","Yes","No","H","No","No","top","mid","top","low"
"134",134,134,"30/11/2019","15:00","Liverpool","Brighton",2,1,"H",2,0,"H","M Atkinson",15,12,7,5,3,10,4,5,0,0,1,0,1.18,7,15,1.44,2.75,"November",3,"Yes","Yes","Yes","H","Yes","Yes","top","low","top","mid"
"135",135,135,"30/11/2019","15:00","Tottenham","Bournemouth",3,2,"H",1,0,"H","L Mason",15,20,5,6,10,12,4,8,0,2,0,0,1.36,5.5,7.5,1.53,2.5,"November",5,"Yes","Yes","Yes","H","Yes","Yes","high","mid","high","low"
"136",136,136,"30/11/2019","17:30","Southampton","Watford",2,1,"H",0,1,"A","M Oliver",11,6,6,3,6,10,6,7,1,0,0,0,2.1,3.4,3.5,1.9,1.9,"November",3,"Yes","No","No","H","Yes","No","mid","mid","mid","low"
"137",137,137,"01/12/2019","14:00","Norwich","Arsenal",2,2,"D",2,1,"H","P Tierney",15,16,8,7,8,10,7,12,2,1,0,0,4,4.33,1.75,1.4,3,"December",4,"Yes","Yes","Yes","A","No","No","low","top","low","high"
"138",138,138,"01/12/2019","14:00","Wolves","Sheffield United",1,1,"D",0,1,"A","D Coote",13,9,3,4,12,18,7,2,1,4,0,0,1.9,3.5,4.2,2.3,1.61,"December",2,"No","No","Yes","H","No","No","high","low","high","high"
"139",139,139,"01/12/2019","16:30","Leicester","Everton",2,1,"H",0,1,"A","G Scott",16,11,6,3,7,9,4,4,0,1,0,0,1.61,4,5.25,1.8,2,"December",3,"Yes","Yes","Yes","H","Yes","No","top","high","top","mid"
"140",140,140,"01/12/2019","16:30","Man United","Aston Villa",2,2,"D",1,1,"D","C Pawson",16,9,6,3,16,8,9,9,4,1,0,0,1.45,4.5,7,1.72,2.1,"December",4,"Yes","Yes","Yes","H","No","Yes","top","low","top","low"
"141",141,141,"03/12/2019","19:30","Crystal Palace","Bournemouth",1,0,"H",0,0,"D","A Taylor",7,6,2,3,6,15,6,9,3,3,1,0,2.2,3.4,3.25,2,1.8,"December",1,"No","No","Yes","H","Yes","No","mid","mid","mid","low"
"142",142,142,"03/12/2019","20:15","Burnley","Man City",1,4,"A",0,1,"A","J Moss",4,17,2,8,9,6,3,6,1,1,0,0,11,7,1.22,1.44,2.75,"December",5,"Yes","Yes","Yes","A","Yes","Yes","high","top","high","top"
"143",143,143,"04/12/2019","19:30","Chelsea","Aston Villa",2,1,"H",1,1,"D","C Kavanagh",25,9,9,3,18,10,9,5,2,1,0,0,1.28,5.75,10,1.4,3,"December",3,"Yes","Yes","Yes","H","Yes","No","top","low","top","low"
"144",144,144,"04/12/2019","19:30","Leicester","Watford",2,0,"H",0,0,"D","C Pawson",12,4,6,1,13,16,7,2,3,2,0,0,1.33,5.5,8,1.61,2.3,"December",2,"No","Yes","No","H","Yes","No","top","mid","top","low"
"145",145,145,"04/12/2019","19:30","Man United","Tottenham",2,1,"H",1,1,"D","P Tierney",12,8,7,5,9,9,4,3,0,1,0,0,2.75,3.4,2.55,1.8,2,"December",3,"Yes","Yes","Yes","A","No","No","top","top","top","high"
"146",146,146,"04/12/2019","19:30","Southampton","Norwich",2,1,"H",2,0,"H","K Friend",14,10,5,3,12,7,6,1,1,1,0,0,1.72,4,4.2,1.57,2.37,"December",3,"Yes","Yes","Yes","H","Yes","Yes","mid","low","mid","low"
"147",147,147,"04/12/2019","19:30","Wolves","West Ham",2,0,"H",1,0,"H","A Marriner",13,6,7,3,8,9,5,4,1,2,0,0,1.75,3.7,4.75,1.9,1.9,"December",2,"No","No","Yes","H","Yes","Yes","high","mid","high","low"
"148",148,148,"04/12/2019","20:15","Liverpool","Everton",5,2,"H",4,2,"H","M Dean",11,12,5,4,13,17,5,6,1,2,0,0,1.36,5,8.5,1.57,2.37,"December",7,"Yes","Yes","Yes","H","Yes","Yes","top","high","top","mid"
"149",149,149,"05/12/2019","19:30","Sheffield United","Newcastle",0,2,"A",0,1,"A","S Attwell",13,6,6,4,10,6,8,1,2,0,0,0,1.83,3.4,4.6,2.3,1.61,"December",2,"No","No","Yes","H","No","Yes","high","mid","high","mid"
"150",150,150,"05/12/2019","20:15","Arsenal","Brighton",1,2,"A",0,1,"A","G Scott",12,20,5,9,10,11,9,9,3,1,0,0,1.57,4.33,5.5,1.53,2.5,"December",3,"Yes","Yes","Yes","H","No","Yes","high","low","high","mid"
"151",151,151,"07/12/2019","12:30","Everton","Chelsea",3,1,"H",1,0,"H","C Pawson",13,15,7,4,14,9,1,5,3,0,0,0,3.5,3.75,2,1.72,2.1,"December",4,"Yes","Yes","Yes","A","No","Yes","mid","top","mid","top"
"152",152,152,"07/12/2019","15:00","Bournemouth","Liverpool",0,3,"A",0,2,"A","C Kavanagh",3,21,0,9,5,6,1,3,0,1,0,0,7,5.25,1.4,1.5,2.62,"December",3,"Yes","Yes","Yes","A","Yes","Yes","low","top","low","top"
"153",153,153,"07/12/2019","15:00","Tottenham","Burnley",5,0,"H",3,0,"H","K Friend",13,7,7,1,12,8,1,1,1,1,0,0,1.4,4.75,8,1.57,2.37,"December",5,"Yes","Yes","Yes","H","Yes","Yes","high","low","high","high"
"154",154,154,"07/12/2019","15:00","Watford","Crystal Palace",0,0,"D",0,0,"D","M Atkinson",13,3,3,0,15,16,6,2,4,2,0,0,2.37,3.3,3.1,2,1.8,"December",0,"No","No","Yes","H","No","Yes","low","high","low","mid"
"155",155,155,"07/12/2019","17:30","Man City","Man United",1,2,"A",0,2,"A","A Taylor",22,11,5,7,10,10,16,3,3,2,0,0,1.3,5.5,10,1.5,2.62,"December",3,"Yes","Yes","Yes","H","No","Yes","top","high","top","top"
"156",156,156,"08/12/2019","14:00","Aston Villa","Leicester",1,4,"A",1,2,"A","M Oliver",15,23,2,8,21,15,8,5,6,2,0,0,4.33,3.8,1.8,1.61,2.3,"December",5,"Yes","Yes","Yes","A","Yes","Yes","low","high","low","top"
"157",157,157,"08/12/2019","14:00","Newcastle","Southampton",2,1,"H",0,0,"D","D Coote",12,19,6,4,11,17,3,12,1,3,0,0,2.5,3.2,2.9,2.1,1.72,"December",3,"Yes","No","No","H","Yes","No","mid","mid","mid","mid"
"158",158,158,"08/12/2019","14:00","Norwich","Sheffield United",1,2,"A",1,0,"H","S Hooper",14,9,4,3,6,12,9,1,0,4,0,0,2.9,3.5,2.37,1.8,2,"December",3,"Yes","Yes","Yes","A","Yes","No","low","low","low","high"
"159",159,159,"08/12/2019","16:30","Brighton","Wolves",2,2,"D",2,2,"D","J Moss",13,13,4,5,10,7,3,4,3,0,0,0,2.62,3.1,2.87,2.3,1.61,"December",4,"Yes","No","No","H","No","Yes","mid","high","mid","high"
"160",160,160,"09/12/2019","20:00","West Ham","Arsenal",1,3,"A",1,0,"H","M Dean",11,10,4,3,12,6,4,3,2,0,0,0,3.3,4,2,1.44,2.75,"December",4,"Yes","Yes","Yes","A","Yes","No","low","top","low","high"
"161",161,161,"14/12/2019","12:30","Liverpool","Watford",2,0,"H",1,0,"H","A Marriner",16,8,6,2,8,6,6,3,2,1,0,0,1.16,7.5,17,1.4,3,"December",2,"No","Yes","No","H","Yes","Yes","top","mid","top","low"
"162",162,162,"14/12/2019","15:00","Burnley","Newcastle",1,0,"H",0,0,"D","T Robinson",7,9,4,0,15,12,4,3,0,2,0,0,1.95,3.4,4,2.1,1.72,"December",1,"No","No","Yes","H","Yes","No","high","mid","high","mid"
"163",163,163,"14/12/2019","15:00","Chelsea","Bournemouth",0,1,"A",0,0,"D","G Scott",18,11,5,2,9,14,9,4,1,2,0,0,1.25,6,12,1.4,3,"December",1,"No","Yes","No","H","No","No","top","mid","top","low"
"164",164,164,"14/12/2019","15:00","Leicester","Norwich",1,1,"D",1,1,"D","A Madley",18,10,5,3,11,15,12,4,0,4,0,0,1.22,6.5,13,1.44,2.75,"December",2,"No","Yes","No","H","No","Yes","top","low","top","low"
"165",165,165,"14/12/2019","15:00","Sheffield United","Aston Villa",2,0,"H",0,0,"D","P Bankes",7,8,3,0,10,9,3,2,2,2,0,0,1.85,3.75,4.2,1.8,2,"December",2,"No","Yes","No","H","Yes","No","high","low","high","low"
"166",166,166,"14/12/2019","17:30","Southampton","West Ham",0,1,"A",0,1,"A","M Atkinson",11,11,2,4,9,14,5,8,1,3,0,0,1.9,3.8,3.8,1.61,2.3,"December",1,"No","Yes","No","H","No","Yes","mid","mid","mid","low"
"167",167,167,"15/12/2019","14:00","Man United","Everton",1,1,"D",0,1,"A","M Oliver",24,8,8,3,10,12,6,5,1,2,0,0,1.8,3.7,4.5,1.8,2,"December",2,"No","Yes","No","H","No","No","top","high","top","mid"
"168",168,168,"15/12/2019","14:00","Wolves","Tottenham",1,2,"A",0,1,"A","S Attwell",18,9,5,5,14,10,11,2,4,4,0,0,3.25,3.4,2.25,1.9,1.9,"December",3,"Yes","No","No","A","Yes","Yes","high","top","high","high"
"169",169,169,"15/12/2019","16:30","Arsenal","Man City",0,3,"A",0,3,"A","P Tierney",6,14,1,7,9,24,3,3,1,4,0,0,6,5.25,1.44,1.33,3.4,"December",3,"Yes","Yes","Yes","A","Yes","Yes","high","top","high","top"
"170",170,170,"16/12/2019","19:45","Crystal Palace","Brighton",1,1,"D",0,0,"D","C Pawson",11,15,4,10,7,12,3,7,1,1,0,0,2.55,3.25,2.87,2.2,1.66,"December",2,"No","No","Yes","H","No","Yes","mid","low","mid","mid"
"171",171,171,"21/12/2019","12:30","Everton","Arsenal",0,0,"D",0,0,"D","K Friend",9,6,0,2,10,11,5,4,2,3,0,0,2.3,3.8,2.87,1.57,2.37,"December",0,"No","Yes","No","H","No","Yes","mid","top","mid","high"
"172",172,172,"21/12/2019","15:00","Aston Villa","Southampton",1,3,"A",0,2,"A","C Pawson",19,17,6,8,16,15,7,5,2,1,0,0,2.4,3.6,2.8,1.61,2.3,"December",4,"Yes","Yes","Yes","H","No","Yes","low","mid","low","mid"
"173",173,173,"21/12/2019","15:00","Bournemouth","Burnley",0,1,"A",0,0,"D","M Atkinson",3,2,0,1,13,21,4,5,2,4,0,0,2.4,3.4,2.9,1.9,1.9,"December",1,"No","No","Yes","H","No","No","low","low","low","high"
"174",174,174,"21/12/2019","15:00","Brighton","Sheffield United",0,1,"A",0,1,"A","R Jones",9,7,2,2,6,11,4,3,1,3,0,0,2.2,3.25,3.5,2.1,1.72,"December",1,"No","No","Yes","H","No","Yes","mid","low","mid","high"
"175",175,175,"21/12/2019","15:00","Newcastle","Crystal Palace",1,0,"H",0,0,"D","S Hooper",8,16,3,4,12,11,4,5,2,0,0,0,2.37,3.1,3.25,2.5,1.53,"December",1,"No","No","Yes","H","Yes","No","mid","high","mid","mid"
"176",176,176,"21/12/2019","15:00","Norwich","Wolves",1,2,"A",1,0,"H","P Bankes",13,14,7,4,7,14,3,11,2,4,0,0,3.75,3.8,1.9,1.8,2,"December",3,"Yes","Yes","Yes","A","Yes","No","low","high","low","high"
"177",177,177,"21/12/2019","17:30","Man City","Leicester",3,1,"H",2,1,"H","M Dean",23,5,12,2,14,9,6,1,2,2,0,0,1.36,5.25,7.5,1.4,3,"December",4,"Yes","Yes","Yes","H","Yes","Yes","top","high","top","top"
"178",178,178,"22/12/2019","14:00","Watford","Man United",2,0,"H",0,0,"D","L Mason",11,17,3,8,16,11,3,5,3,1,0,0,4.33,4,1.75,1.9,1.9,"December",2,"No","No","Yes","A","No","No","low","high","low","top"
"179",179,179,"22/12/2019","16:30","Tottenham","Chelsea",0,2,"A",0,2,"A","A Taylor",5,13,1,3,9,11,3,5,4,3,1,0,2.37,3.75,2.75,1.57,2.37,"December",2,"No","Yes","No","H","No","Yes","high","top","high","top"
"180",180,180,"26/12/2019","12:30","Tottenham","Brighton",2,1,"H",0,1,"A","G Scott",11,11,5,5,10,9,9,2,4,2,0,0,1.53,4.33,6,1.61,2.3,"December",3,"Yes","Yes","Yes","H","Yes","No","high","low","high","mid"
"181",181,181,"26/12/2019","15:00","Aston Villa","Norwich",1,0,"H",0,0,"D","C Kavanagh",11,16,2,6,15,12,5,8,2,3,0,0,2.1,3.75,3.3,1.53,2.5,"December",1,"No","Yes","No","H","Yes","No","low","low","low","low"
"182",182,182,"26/12/2019","15:00","Bournemouth","Arsenal",1,1,"D",1,0,"H","S Attwell",12,17,4,2,5,13,8,3,4,4,0,0,3.5,3.9,1.95,1.57,2.37,"December",2,"No","Yes","No","A","No","No","low","top","low","high"
"183",183,183,"26/12/2019","15:00","Chelsea","Southampton",0,2,"A",0,1,"A","J Moss",10,5,3,3,10,9,8,1,3,2,0,0,1.33,5.25,9,1.5,2.62,"December",2,"No","Yes","No","H","No","Yes","top","mid","top","mid"
"184",184,184,"26/12/2019","15:00","Crystal Palace","West Ham",2,1,"H",0,0,"D","A Marriner",13,10,4,2,5,10,7,6,0,2,0,0,2.3,3.4,3.1,1.9,1.9,"December",3,"Yes","No","No","H","Yes","No","mid","mid","mid","low"
"185",185,185,"26/12/2019","15:00","Everton","Burnley",1,0,"H",0,0,"D","A Taylor",21,6,5,0,15,14,10,2,0,0,0,0,1.7,3.75,5,1.9,1.9,"December",1,"No","No","Yes","H","Yes","No","mid","low","mid","high"
"186",186,186,"26/12/2019","15:00","Sheffield United","Watford",1,1,"D",1,1,"D","D Coote",16,5,4,2,11,8,9,1,1,3,0,0,1.83,3.6,4.33,2.1,1.72,"December",2,"No","No","Yes","H","No","Yes","high","mid","high","low"
"187",187,187,"26/12/2019","17:30","Man United","Newcastle",4,1,"H",3,1,"H","K Friend",22,7,10,2,10,7,5,0,2,2,0,0,1.33,5.25,9,1.72,2.1,"December",5,"Yes","Yes","Yes","H","Yes","Yes","top","mid","top","mid"
"188",188,188,"26/12/2019","20:00","Leicester","Liverpool",0,4,"A",0,1,"A","M Oliver",3,15,0,6,5,7,2,8,1,1,0,0,3.4,3.75,2.05,1.66,2.2,"December",4,"Yes","Yes","Yes","A","Yes","Yes","top","top","top","top"
"189",189,189,"27/12/2019","19:45","Wolves","Man City",3,2,"H",0,1,"A","M Atkinson",20,7,8,3,7,13,3,1,0,1,0,1,8.5,5,1.36,1.57,2.37,"December",5,"Yes","Yes","Yes","A","No","No","high","top","high","top"
"190",190,190,"28/12/2019","12:30","Brighton","Bournemouth",2,0,"H",1,0,"H","P Tierney",16,10,6,2,8,11,9,2,0,2,0,0,1.75,3.9,4.33,1.9,1.9,"December",2,"No","No","Yes","H","Yes","Yes","mid","mid","mid","low"
"191",191,191,"28/12/2019","15:00","Newcastle","Everton",1,2,"A",0,1,"A","L Mason",20,22,5,9,13,13,5,8,2,2,0,0,3.6,3.4,2.05,2.1,1.72,"December",3,"Yes","No","No","A","Yes","Yes","mid","high","mid","mid"
"192",192,192,"28/12/2019","15:00","Southampton","Crystal Palace",1,1,"D",0,0,"D","A Madley",14,5,5,2,13,7,12,4,1,2,0,0,1.95,3.6,3.8,2,1.8,"December",2,"No","No","Yes","H","No","Yes","mid","high","mid","mid"
"193",193,193,"28/12/2019","15:00","Watford","Aston Villa",3,0,"H",1,0,"H","S Hooper",20,11,6,2,16,9,6,3,3,1,1,0,1.95,3.8,3.6,1.72,2.1,"December",3,"Yes","Yes","Yes","H","Yes","Yes","low","low","low","low"
"194",194,194,"28/12/2019","17:30","Norwich","Tottenham",2,2,"D",1,0,"H","K Friend",5,15,2,7,12,10,4,6,3,3,0,0,5,4,1.66,1.57,2.37,"December",4,"Yes","Yes","Yes","A","No","No","low","top","low","high"
"195",195,195,"28/12/2019","17:30","West Ham","Leicester",1,2,"A",1,1,"D","D Coote",14,13,4,8,16,4,5,5,4,1,0,0,4,3.9,1.83,1.61,2.3,"December",3,"Yes","Yes","Yes","A","Yes","No","low","high","low","top"
"196",196,196,"28/12/2019","19:45","Burnley","Man United",0,2,"A",0,1,"A","M Dean",8,14,1,5,17,10,5,4,4,3,0,0,4.33,3.75,1.8,1.9,1.9,"December",2,"No","No","Yes","A","Yes","Yes","high","high","high","top"
"197",197,197,"29/12/2019","14:00","Arsenal","Chelsea",1,2,"A",1,0,"H","C Pawson",7,13,2,4,13,19,2,3,5,4,0,0,2.87,3.75,2.3,1.53,2.5,"December",3,"Yes","Yes","Yes","A","Yes","No","high","top","high","top"
"198",198,198,"29/12/2019","16:30","Liverpool","Wolves",1,0,"H",1,0,"H","A Taylor",10,10,3,2,7,3,5,6,1,0,0,0,1.25,5.75,12,1.57,2.37,"December",1,"No","Yes","No","H","Yes","Yes","top","high","top","high"
"199",199,199,"29/12/2019","18:00","Man City","Sheffield United",2,0,"H",0,0,"D","C Kavanagh",16,8,4,0,5,6,8,5,1,1,0,0,1.16,7.5,16,1.4,3,"December",2,"No","Yes","No","H","Yes","No","top","low","top","high"
"200",200,200,"01/01/2020","12:30","Brighton","Chelsea",1,1,"D",0,1,"A","S Attwell",16,16,5,5,8,15,5,3,2,3,0,0,3.6,3.6,1.95,1.72,2.1,"January",2,"No","Yes","No","A","No","No","mid","top","mid","top"
"201",201,201,"01/01/2020","12:30","Burnley","Aston Villa",1,2,"A",0,2,"A","M Oliver",20,11,1,6,12,10,8,4,1,1,0,0,1.75,3.8,4.33,1.9,1.9,"January",3,"Yes","No","No","H","No","Yes","high","low","high","low"
"202",202,202,"01/01/2020","15:00","Newcastle","Leicester",0,3,"A",0,2,"A","M Atkinson",5,17,2,10,8,12,4,5,1,1,0,0,5,3.8,1.66,1.9,1.9,"January",3,"Yes","No","No","A","Yes","Yes","mid","high","mid","top"
"203",203,203,"01/01/2020","15:00","Southampton","Tottenham",1,0,"H",1,0,"H","M Dean",12,11,3,5,21,8,6,9,3,4,0,0,3.3,3.5,2.1,1.66,2.2,"January",1,"No","Yes","No","A","No","Yes","mid","top","mid","high"
"204",204,204,"01/01/2020","15:00","Watford","Wolves",2,1,"H",1,0,"H","A Madley",9,16,3,4,12,6,4,7,3,1,1,0,3,3.4,2.3,2,1.8,"January",3,"Yes","No","No","A","No","Yes","low","high","low","high"
"205",205,205,"01/01/2020","17:30","Man City","Everton",2,1,"H",0,0,"D","A Marriner",16,7,7,2,11,11,3,6,0,4,0,0,1.25,6.5,10,1.36,3.2,"January",3,"Yes","Yes","Yes","H","Yes","No","top","high","top","mid"
"206",206,206,"01/01/2020","17:30","Norwich","Crystal Palace",1,1,"D",1,0,"H","J Moss",15,12,4,3,12,9,2,5,5,0,0,0,2.5,3.4,2.75,1.9,1.9,"January",2,"No","No","Yes","H","No","No","low","high","low","mid"
"207",207,207,"01/01/2020","17:30","West Ham","Bournemouth",4,0,"H",3,0,"H","G Scott",14,3,7,2,3,12,9,2,1,2,0,0,1.9,3.75,3.8,1.66,2.2,"January",4,"Yes","Yes","Yes","H","Yes","Yes","low","mid","low","low"
"208",208,208,"01/01/2020","20:00","Arsenal","Man United",2,0,"H",2,0,"H","C Kavanagh",10,10,4,4,11,15,1,4,2,0,0,0,2.55,3.6,2.62,1.66,2.2,"January",2,"No","Yes","No","H","Yes","Yes","high","high","high","top"
"209",209,209,"02/01/2020","20:00","Liverpool","Sheffield United",2,0,"H",1,0,"H","P Tierney",19,3,7,2,5,8,8,4,0,0,0,0,1.2,6.5,13,1.53,2.5,"January",2,"No","Yes","No","H","Yes","Yes","top","low","top","high"
"210",210,210,"10/01/2020","20:00","Sheffield United","West Ham",1,0,"H",0,0,"D","M Oliver",13,7,3,2,11,6,7,3,1,0,0,0,1.95,3.4,4,2,1.8,"January",1,"No","No","Yes","H","Yes","No","high","mid","high","low"
"211",211,211,"11/01/2020","12:30","Crystal Palace","Arsenal",1,1,"D",0,1,"A","P Tierney",6,7,3,4,14,22,1,4,2,3,0,1,4.1,3.9,1.8,1.8,2,"January",2,"No","Yes","No","A","No","No","mid","top","mid","high"
"212",212,212,"11/01/2020","15:00","Chelsea","Burnley",3,0,"H",2,0,"H","K Friend",18,7,8,2,7,4,10,3,0,3,0,0,1.28,5.5,11,1.66,2.2,"January",3,"Yes","Yes","Yes","H","Yes","Yes","top","low","top","high"
"213",213,213,"11/01/2020","15:00","Everton","Brighton",1,0,"H",1,0,"H","D Coote",14,9,6,2,7,7,4,3,2,1,0,0,1.85,3.8,4,1.8,2,"January",1,"No","Yes","No","H","Yes","Yes","mid","low","mid","mid"
"214",214,214,"11/01/2020","15:00","Leicester","Southampton",1,2,"A",1,1,"D","L Mason",5,16,5,10,9,17,2,4,0,3,0,0,1.6,4,5.5,1.66,2.2,"January",3,"Yes","Yes","Yes","H","No","No","top","mid","top","mid"
"215",215,215,"11/01/2020","15:00","Man United","Norwich",4,0,"H",1,0,"H","A Taylor",13,8,6,3,18,7,4,2,0,0,0,0,1.33,5.25,8.5,1.57,2.37,"January",4,"Yes","Yes","Yes","H","Yes","Yes","top","low","top","low"
"216",216,216,"11/01/2020","15:00","Wolves","Newcastle",1,1,"D",1,1,"D","P Bankes",9,5,4,1,13,12,5,2,0,3,0,0,1.44,4.5,7.5,2,1.8,"January",2,"No","No","Yes","H","No","Yes","high","mid","high","mid"
"217",217,217,"11/01/2020","17:30","Tottenham","Liverpool",0,1,"A",0,1,"A","M Atkinson",14,13,4,7,4,8,4,3,0,2,0,0,4.5,4.33,1.66,1.61,2.3,"January",1,"No","Yes","No","A","Yes","Yes","high","top","high","top"
"218",218,218,"12/01/2020","14:00","Bournemouth","Watford",0,3,"A",0,1,"A","M Dean",10,18,1,6,3,13,5,5,1,1,0,0,2.6,3.3,2.7,1.9,1.9,"January",3,"Yes","No","No","H","No","Yes","low","mid","low","low"
"219",219,219,"12/01/2020","16:30","Aston Villa","Man City",1,6,"A",0,4,"A","J Moss",7,22,1,12,5,12,2,4,2,1,0,0,13,8.5,1.16,1.28,3.75,"January",7,"Yes","Yes","Yes","A","Yes","Yes","low","top","low","top"
"220",220,220,"18/01/2020","12:30","Watford","Tottenham",0,0,"D",0,0,"D","M Oliver",15,17,2,5,13,13,3,3,2,3,0,0,3.25,3.5,2.2,1.8,2,"January",0,"No","Yes","No","A","No","Yes","low","top","low","high"
"221",221,221,"18/01/2020","15:00","Arsenal","Sheffield United",1,1,"D",1,0,"H","M Dean",11,12,4,4,9,13,4,5,1,2,0,0,1.83,3.6,4.33,2,1.8,"January",2,"No","No","Yes","H","No","No","high","low","high","high"
"222",222,222,"18/01/2020","15:00","Brighton","Aston Villa",1,1,"D",1,0,"H","A Madley",10,8,2,3,11,13,3,4,3,3,0,0,1.66,4,5,1.66,2.2,"January",2,"No","Yes","No","H","No","No","mid","low","mid","low"
"223",223,223,"18/01/2020","15:00","Man City","Crystal Palace",2,2,"D",0,1,"A","S Scott",25,5,6,3,9,7,14,2,1,2,0,0,1.1,11,19,1.3,3.5,"January",4,"Yes","Yes","Yes","H","No","No","top","high","top","mid"
"224",224,224,"18/01/2020","15:00","Norwich","Bournemouth",1,0,"H",1,0,"H","P Tierney",16,6,5,3,10,10,4,5,2,2,1,1,2.2,3.5,3.25,1.8,2,"January",1,"No","Yes","No","H","Yes","Yes","low","mid","low","low"
"225",225,225,"18/01/2020","15:00","Southampton","Wolves",2,3,"A",2,0,"H","D England",11,8,5,4,13,12,1,3,2,1,0,0,2.4,3.4,3,2,1.8,"January",5,"Yes","No","No","H","No","No","mid","high","mid","high"
"226",226,226,"18/01/2020","15:00","West Ham","Everton",1,1,"D",1,1,"D","A Marriner",12,11,6,3,11,13,7,6,1,0,0,0,2.9,3.5,2.37,1.8,2,"January",2,"No","Yes","No","A","No","Yes","low","high","low","mid"
"227",227,227,"18/01/2020","17:30","Newcastle","Chelsea",1,0,"H",0,0,"D","C Kavanagh",7,19,2,4,9,14,1,10,1,1,0,0,6,4.5,1.5,1.72,2.1,"January",1,"No","Yes","No","A","No","No","mid","top","mid","top"
"228",228,228,"19/01/2020","14:00","Burnley","Leicester",2,1,"H",0,1,"A","A Taylor",8,18,5,8,14,8,4,5,1,0,0,0,4.33,3.75,1.83,1.9,1.9,"January",3,"Yes","No","No","A","No","No","high","high","high","top"
"229",229,229,"19/01/2020","16:30","Liverpool","Man United",2,0,"H",1,0,"H","C Pawson",16,9,5,4,7,10,11,5,1,3,0,0,1.36,5.25,8,1.66,2.2,"January",2,"No","Yes","No","H","Yes","Yes","top","high","top","top"
"230",230,230,"21/01/2020","19:30","Aston Villa","Watford",2,1,"H",0,1,"A","M Atkinson",16,8,5,2,11,18,6,3,2,2,0,0,2.8,3.5,2.45,1.9,1.9,"January",3,"Yes","No","No","A","No","No","low","mid","low","low"
"231",231,231,"21/01/2020","19:30","Bournemouth","Brighton",3,1,"H",2,0,"H","K Friend",11,21,3,8,9,12,5,8,1,1,0,0,2.87,3.4,2.45,2,1.8,"January",4,"Yes","No","No","A","No","Yes","low","low","low","mid"
"232",232,232,"21/01/2020","19:30","Crystal Palace","Southampton",0,2,"A",0,1,"A","A Marriner",6,15,0,6,12,13,0,8,1,2,0,0,2.7,3.25,2.7,2.2,1.66,"January",2,"No","No","Yes","H","No","Yes","mid","mid","mid","mid"
"233",233,233,"21/01/2020","19:30","Everton","Newcastle",2,2,"D",1,0,"H","S Hooper",17,8,8,2,13,10,6,4,1,1,0,0,1.55,4.1,6,1.9,1.9,"January",4,"Yes","No","No","H","No","No","mid","mid","mid","mid"
"234",234,234,"21/01/2020","19:30","Sheffield United","Man City",0,1,"A",0,0,"D","L Mason",4,18,1,5,13,13,5,13,4,3,0,0,7,5,1.4,1.61,2.3,"January",1,"No","Yes","No","A","Yes","No","high","top","high","top"
"235",235,235,"21/01/2020","20:15","Chelsea","Arsenal",2,2,"D",1,0,"H","S Attwell",19,2,8,2,11,6,17,5,2,1,0,1,1.72,3.9,4.5,1.72,2.1,"January",4,"Yes","Yes","Yes","H","No","No","top","top","top","high"
"236",236,236,"22/01/2020","19:30","Leicester","West Ham",4,1,"H",2,0,"H","D Coote",19,6,8,2,10,19,7,8,1,1,0,0,1.53,4.33,6,1.57,2.37,"January",5,"Yes","Yes","Yes","H","Yes","Yes","top","mid","top","low"
"237",237,237,"22/01/2020","19:30","Tottenham","Norwich",2,1,"H",1,0,"H","C Kavanagh",14,12,3,2,12,7,7,3,0,1,0,0,1.4,5,7.5,1.53,2.5,"January",3,"Yes","Yes","Yes","H","Yes","Yes","high","low","high","low"
"238",238,238,"22/01/2020","20:15","Man United","Burnley",0,2,"A",0,1,"A","J Moss",24,5,7,2,11,7,5,2,0,2,0,0,1.36,4.75,9,1.8,2,"January",2,"No","Yes","No","H","No","Yes","top","low","top","high"
"239",239,239,"23/01/2020","20:00","Wolves","Liverpool",1,2,"A",0,1,"A","M Oliver",10,13,3,6,6,11,2,4,0,1,0,0,5.75,3.8,1.61,1.8,2,"January",3,"Yes","Yes","Yes","A","Yes","Yes","high","top","high","top"
"240",240,240,"29/01/2020","19:45","West Ham","Liverpool",0,2,"A",0,1,"A","J Moss",7,13,4,5,6,6,3,7,2,0,0,0,8.5,5.5,1.33,1.57,2.37,"January",2,"No","Yes","No","A","Yes","Yes","low","top","low","top"
"241",241,241,"01/02/2020","12:30","Leicester","Chelsea",2,2,"D",0,0,"D","L Mason",14,7,4,3,16,14,4,6,2,2,0,0,2.5,3.6,2.7,1.72,2.1,"February",4,"Yes","Yes","Yes","H","No","Yes","top","top","top","top"
"242",242,242,"01/02/2020","15:00","Bournemouth","Aston Villa",2,1,"H",2,0,"H","A Taylor",16,18,6,5,10,15,1,8,1,3,1,0,2.1,3.6,3.3,1.8,2,"February",3,"Yes","Yes","Yes","H","Yes","Yes","low","low","low","low"
"243",243,243,"01/02/2020","15:00","Crystal Palace","Sheffield United",0,1,"A",0,0,"D","A Madley",13,10,3,3,9,15,9,5,3,2,0,0,3.1,3.1,2.5,2.62,1.5,"February",1,"No","No","Yes","A","Yes","No","mid","low","mid","high"
"244",244,244,"01/02/2020","15:00","Liverpool","Southampton",4,0,"H",0,0,"D","K Friend",16,17,9,4,9,15,6,11,0,2,0,0,1.25,6,12,1.53,2.5,"February",4,"Yes","Yes","Yes","H","Yes","No","top","mid","top","mid"
"245",245,245,"01/02/2020","15:00","Newcastle","Norwich",0,0,"D",0,0,"D","M Atkinson",15,19,5,4,10,15,8,12,2,1,0,0,2.2,3.4,3.3,2,1.8,"February",0,"No","No","Yes","H","No","Yes","mid","low","mid","low"
"246",246,246,"01/02/2020","15:00","Watford","Everton",2,3,"A",2,2,"D","C Pawson",11,12,2,5,17,14,4,4,2,2,0,1,2.75,3.3,2.62,2,1.8,"February",5,"Yes","No","No","A","Yes","No","low","high","low","mid"
"247",247,247,"01/02/2020","15:00","West Ham","Brighton",3,3,"D",2,0,"H","M Oliver",12,19,6,6,8,9,4,6,1,1,0,0,2.6,3.3,2.75,1.9,1.9,"February",6,"Yes","No","No","H","No","No","low","low","low","mid"
"248",248,248,"01/02/2020","17:30","Man United","Wolves",0,0,"D",0,0,"D","P Tierney",15,14,5,3,14,15,4,6,3,2,0,0,2.25,3.25,3.4,2.2,1.66,"February",0,"No","No","Yes","H","No","Yes","top","high","top","high"
"249",249,249,"02/02/2020","14:00","Burnley","Arsenal",0,0,"D",0,0,"D","C Kavanagh",15,13,2,2,8,11,5,7,1,3,0,0,3.6,3.6,2,1.9,1.9,"February",0,"No","No","Yes","A","No","Yes","high","top","high","high"
"250",250,250,"02/02/2020","16:30","Tottenham","Man City",2,0,"H",0,0,"D","M Dean",3,18,3,5,8,14,2,6,2,3,0,1,5.5,4.6,1.53,1.5,2.62,"February",2,"No","Yes","No","A","No","No","high","top","high","top"
"251",251,251,"08/02/2020","12:30","Everton","Crystal Palace",3,1,"H",1,0,"H","D Coote",14,10,8,2,11,12,4,6,0,1,0,0,1.61,3.8,6,2.1,1.72,"February",4,"Yes","No","No","H","Yes","Yes","mid","high","mid","mid"
"252",252,252,"08/02/2020","17:30","Brighton","Watford",1,1,"D",0,1,"A","K Friend",10,5,2,2,9,12,3,2,2,2,0,0,2.1,3.4,3.6,2,1.8,"February",2,"No","No","Yes","H","No","No","mid","mid","mid","low"
"253",253,253,"09/02/2020","14:00","Sheffield United","Bournemouth",2,1,"H",1,1,"D","J Moss",16,10,6,2,10,8,8,4,2,2,0,0,1.66,3.6,5.75,2.3,1.61,"February",3,"Yes","No","No","H","Yes","No","high","mid","high","low"
"254",254,254,"14/02/2020","20:00","Wolves","Leicester",0,0,"D",0,0,"D","M Dean",15,9,3,3,13,10,7,0,2,2,0,1,2.5,3.3,2.87,2,1.8,"February",0,"No","No","Yes","H","No","Yes","high","high","high","top"
"255",255,255,"15/02/2020","12:30","Southampton","Burnley",1,2,"A",1,1,"D","S Hooper",10,9,2,6,8,11,4,3,2,2,0,0,1.75,3.8,4.75,1.9,1.9,"February",3,"Yes","No","No","H","No","No","mid","low","mid","high"
"256",256,256,"15/02/2020","17:30","Norwich","Liverpool",0,1,"A",0,0,"D","S Attwell",5,17,1,6,5,11,2,7,1,2,0,0,11,6.25,1.25,1.53,2.5,"February",1,"No","Yes","No","A","Yes","No","low","top","low","top"
"257",257,257,"16/02/2020","14:00","Aston Villa","Tottenham",2,3,"A",1,2,"A","M Atkinson",18,23,4,10,12,10,12,7,2,0,0,0,4,3.8,1.85,1.72,2.1,"February",5,"Yes","Yes","Yes","A","Yes","Yes","low","top","low","high"
"258",258,258,"16/02/2020","16:30","Arsenal","Newcastle",4,0,"H",0,0,"D","L Mason",15,10,7,2,15,9,5,6,2,0,0,0,1.4,4.75,8,1.72,2.1,"February",4,"Yes","Yes","Yes","H","Yes","No","high","mid","high","mid"
"259",259,259,"17/02/2020","20:00","Chelsea","Man United",0,2,"A",0,1,"A","A Taylor",17,9,1,3,11,11,9,8,4,3,0,0,1.85,3.5,4.5,1.9,1.9,"February",2,"No","No","Yes","H","No","Yes","top","high","top","top"
"260",260,260,"19/02/2020","19:30","Man City","West Ham",2,0,"H",1,0,"H","K Friend",20,3,7,0,5,7,6,1,0,1,0,0,1.12,9.5,17,1.22,4.33,"February",2,"No","Yes","No","H","Yes","Yes","top","mid","top","low"
"261",261,261,"22/02/2020","12:30","Chelsea","Tottenham",2,1,"H",1,0,"H","M Oliver",17,5,7,3,14,14,3,5,1,2,0,0,1.72,4,4.5,1.8,2,"February",3,"Yes","Yes","Yes","H","Yes","Yes","top","top","top","high"
"262",262,262,"22/02/2020","15:00","Burnley","Bournemouth",3,0,"H",0,0,"D","M Dean",16,12,10,4,9,9,7,3,4,3,0,0,2.1,3.3,3.7,2.2,1.66,"February",3,"Yes","No","No","H","Yes","No","high","mid","high","low"
"263",263,263,"22/02/2020","15:00","Crystal Palace","Newcastle",1,0,"H",1,0,"H","P Bankes",18,8,9,2,15,11,7,5,2,6,0,1,1.95,3.4,4.2,2.5,1.53,"February",1,"No","No","Yes","H","Yes","Yes","mid","mid","mid","mid"
"264",264,264,"22/02/2020","15:00","Sheffield United","Brighton",1,1,"D",1,1,"D","G Scott",14,8,3,2,3,6,12,2,0,2,0,0,1.95,3.4,4.2,2.2,1.66,"February",2,"No","No","Yes","H","No","Yes","high","low","high","mid"
"265",265,265,"22/02/2020","15:00","Southampton","Aston Villa",2,0,"H",1,0,"H","C Pawson",28,4,9,1,13,17,9,6,1,4,0,0,1.61,4.33,5,1.57,2.37,"February",2,"No","Yes","No","H","Yes","Yes","mid","low","mid","low"
"266",266,266,"22/02/2020","17:30","Leicester","Man City",0,1,"A",0,0,"D","P Tierney",10,18,3,7,14,10,3,7,0,0,0,0,4.5,4.2,1.7,1.53,2.5,"February",1,"No","Yes","No","A","Yes","No","top","top","top","top"
"267",267,267,"23/02/2020","14:00","Man United","Watford",3,0,"H",1,0,"H","M Atkinson",21,7,9,2,6,15,3,5,0,1,0,0,1.6,3.9,6,1.9,1.9,"February",3,"Yes","No","No","H","Yes","Yes","top","mid","top","low"
"268",268,268,"23/02/2020","14:00","Wolves","Norwich",3,0,"H",2,0,"H","C Kavanagh",19,6,6,4,11,6,4,1,2,3,0,0,1.5,4.2,7,1.9,1.9,"February",3,"Yes","No","No","H","Yes","Yes","high","low","high","low"
"269",269,269,"23/02/2020","16:30","Arsenal","Everton",3,2,"H",2,2,"D","S Attwell",9,17,4,5,12,12,6,3,0,4,0,0,2,3.6,3.7,1.72,2.1,"February",5,"Yes","Yes","Yes","H","Yes","No","high","high","high","mid"
"270",270,270,"24/02/2020","20:00","Liverpool","West Ham",3,2,"H",1,1,"D","J Moss",25,7,7,4,4,10,16,8,0,3,0,0,1.16,8,15,1.36,3.2,"February",5,"Yes","Yes","Yes","H","Yes","No","top","mid","top","low"
"271",271,271,"28/02/2020","20:00","Norwich","Leicester",1,0,"H",0,0,"D","C Pawson",11,19,6,4,13,16,6,7,1,2,0,0,4.33,4.1,1.72,1.72,2.1,"February",1,"No","Yes","No","A","No","No","low","high","low","top"
"272",272,272,"29/02/2020","12:30","Brighton","Crystal Palace",0,1,"A",0,0,"D","M Atkinson",24,12,8,3,8,9,8,7,1,1,0,0,2.05,3.25,3.9,2.3,1.61,"February",1,"No","No","Yes","H","No","No","mid","high","mid","mid"
"273",273,273,"29/02/2020","15:00","Bournemouth","Chelsea",2,2,"D",0,1,"A","A Marriner",9,23,5,6,8,5,4,14,2,2,0,0,4.75,3.8,1.72,1.8,2,"February",4,"Yes","Yes","Yes","A","No","No","low","top","low","top"
"274",274,274,"29/02/2020","15:00","Newcastle","Burnley",0,0,"D",0,0,"D","A Madley",21,8,4,1,11,9,11,7,4,3,0,0,2.62,3.1,2.9,2.3,1.61,"February",0,"No","No","Yes","H","No","Yes","mid","low","mid","high"
"275",275,275,"29/02/2020","15:00","West Ham","Southampton",3,1,"H",2,1,"H","A Taylor",14,10,7,2,8,11,4,9,1,1,0,0,2.65,3.6,2.5,1.72,2.1,"February",4,"Yes","Yes","Yes","A","No","Yes","low","mid","low","mid"
"276",276,276,"29/02/2020","17:30","Watford","Liverpool",3,0,"H",0,0,"D","M Oliver",14,7,5,1,4,8,3,5,0,0,0,0,8,4.75,1.4,1.66,2.2,"February",3,"Yes","Yes","Yes","A","No","No","low","top","low","top"
"277",277,277,"01/03/2020","14:00","Everton","Man United",1,1,"D",1,1,"D","C Kavanagh",16,14,5,5,11,11,13,8,3,4,0,0,2.5,3.25,2.9,1.9,1.9,"March",2,"No","No","Yes","H","No","Yes","mid","high","mid","top"
"278",278,278,"01/03/2020","14:00","Tottenham","Wolves",2,3,"A",2,1,"H","S Attwell",13,14,5,4,12,14,4,5,3,2,0,0,2.45,3.2,3,2.2,1.66,"March",5,"Yes","No","No","H","No","No","high","high","high","high"
"279",279,279,"07/03/2020","12:30","Liverpool","Bournemouth",2,1,"H",2,1,"H","P Tierney",14,6,6,4,10,12,9,4,0,1,0,0,1.22,6.5,13,1.44,2.75,"March",3,"Yes","Yes","Yes","H","Yes","Yes","top","mid","top","low"
"280",280,280,"07/03/2020","15:00","Arsenal","West Ham",1,0,"H",0,0,"D","M Atkinson",9,14,2,6,11,9,6,7,1,2,0,0,1.57,4.4,5.5,1.57,2.37,"March",1,"No","Yes","No","H","Yes","No","high","mid","high","low"
"281",281,281,"07/03/2020","15:00","Crystal Palace","Watford",1,0,"H",1,0,"H","A Taylor",10,10,3,4,12,19,8,8,4,4,0,0,2.55,3.2,2.9,2.3,1.61,"March",1,"No","No","Yes","H","Yes","Yes","mid","mid","mid","low"
"282",282,282,"07/03/2020","15:00","Sheffield United","Norwich",1,0,"H",1,0,"H","S Hooper",10,12,4,5,12,8,10,5,0,0,0,0,1.65,3.75,5.75,2.1,1.72,"March",1,"No","No","Yes","H","Yes","Yes","high","low","high","low"
"283",283,283,"07/03/2020","15:00","Southampton","Newcastle",0,1,"A",0,0,"D","G Scott",6,14,3,7,14,15,5,8,0,3,1,0,1.61,4.1,5.25,1.8,2,"March",1,"No","Yes","No","H","No","No","mid","mid","mid","mid"
"284",284,284,"07/03/2020","15:00","Wolves","Brighton",0,0,"D",0,0,"D","A Marriner",11,7,1,1,4,7,2,0,1,3,0,0,1.61,3.9,5.75,2,1.8,"March",0,"No","No","Yes","H","No","Yes","high","low","high","mid"
"285",285,285,"07/03/2020","17:30","Burnley","Tottenham",1,1,"D",1,0,"H","J Moss",21,13,8,2,16,11,3,5,5,4,0,0,2.7,3.3,2.62,2.1,1.72,"March",2,"No","No","Yes","A","No","No","high","top","high","high"
"286",286,286,"08/03/2020","14:00","Chelsea","Everton",4,0,"H",2,0,"H","K Friend",17,3,11,1,8,10,6,1,1,2,0,0,1.8,3.9,4.2,1.72,2.1,"March",4,"Yes","Yes","Yes","H","Yes","Yes","top","high","top","mid"
"287",287,287,"08/03/2020","16:30","Man United","Man City",2,0,"H",1,0,"H","M Dean",12,7,6,2,11,9,2,11,2,4,0,0,5,4.33,1.6,1.66,2.2,"March",2,"No","Yes","No","A","No","Yes","top","top","top","top"
"288",288,288,"09/03/2020","20:00","Leicester","Aston Villa",4,0,"H",1,0,"H","M Oliver",15,4,7,1,15,12,9,0,2,1,0,0,1.36,5.25,8,1.53,2.5,"March",4,"Yes","Yes","Yes","H","Yes","Yes","top","low","top","low"
"289",289,289,"17/06/2020","18:00","Aston Villa","Sheffield United",0,0,"D",0,0,"D","M Oliver",14,5,6,1,11,14,12,4,1,1,0,0,3.2,3.4,2.25,2.1,1.72,"June",0,"No","No","Yes","A","No","Yes","low","low","low","high"
"290",290,290,"17/06/2020","20:15","Man City","Arsenal",3,0,"H",1,0,"H","A Taylor",20,3,12,0,9,7,5,2,1,1,0,1,1.36,5.25,7.5,1.36,3.2,"June",3,"Yes","Yes","Yes","H","Yes","Yes","top","top","top","high"
"291",291,291,"19/06/2020","18:00","Norwich","Southampton",0,3,"A",0,0,"D","K Friend",9,22,1,9,9,15,9,7,1,1,0,0,2.8,3.5,2.45,1.9,1.9,"June",3,"Yes","No","No","A","Yes","No","low","mid","low","mid"
"292",292,292,"19/06/2020","20:15","Tottenham","Man United",1,1,"D",1,0,"H","J Moss",10,12,3,6,17,18,7,6,0,1,0,0,3,3.4,2.37,1.9,1.9,"June",2,"No","No","Yes","A","No","No","high","high","high","top"
"293",293,293,"20/06/2020","12:30","Watford","Leicester",1,1,"D",0,0,"D","C Pawson",8,15,4,2,15,12,2,7,0,1,0,0,3.6,3.5,2.05,1.9,1.9,"June",2,"No","No","Yes","A","No","Yes","low","high","low","top"
"294",294,294,"20/06/2020","15:00","Brighton","Arsenal",2,1,"H",0,0,"D","M Atkinson",9,13,5,6,13,8,10,7,2,1,0,0,3.1,3.25,2.37,1.9,1.9,"June",3,"Yes","No","No","A","No","No","mid","top","mid","high"
"295",295,295,"20/06/2020","17:30","West Ham","Wolves",0,2,"A",0,0,"D","A Taylor",7,10,2,6,8,7,5,7,1,1,0,0,3.6,3.4,2.1,2,1.8,"June",2,"No","No","Yes","A","Yes","No","low","high","low","high"
"296",296,296,"20/06/2020","19:45","Bournemouth","Crystal Palace",0,2,"A",0,2,"A","S Attwell",12,7,1,2,13,15,11,4,3,2,0,0,2.45,3.2,3,2.1,1.72,"June",2,"No","No","Yes","H","No","Yes","low","high","low","mid"
"297",297,297,"21/06/2020","14:00","Newcastle","Sheffield United",3,0,"H",0,0,"D","D Coote",12,7,8,1,9,10,2,4,2,0,0,1,3.3,3.1,2.37,2.5,1.53,"June",3,"Yes","No","No","A","No","No","mid","low","mid","high"
"298",298,298,"21/06/2020","16:15","Aston Villa","Chelsea",1,2,"A",1,0,"H","P Tierney",8,19,4,5,9,17,2,10,2,1,0,0,6,4.5,1.5,1.57,2.37,"June",3,"Yes","Yes","Yes","A","Yes","No","low","top","low","top"
"299",299,299,"21/06/2020","19:00","Everton","Liverpool",0,0,"D",0,0,"D","M Dean",9,10,3,3,15,12,1,6,2,2,0,0,6,4.2,1.55,1.66,2.2,"June",0,"No","Yes","No","A","No","Yes","mid","top","mid","top"
"300",300,300,"22/06/2020","20:00","Man City","Burnley",5,0,"H",3,0,"H","A Marriner",19,1,7,0,8,7,3,1,1,1,0,0,1.12,9,15,1.33,3.4,"June",5,"Yes","Yes","Yes","H","Yes","Yes","top","low","top","high"
"301",301,301,"23/06/2020","18:00","Leicester","Brighton",0,0,"D",0,0,"D","L Mason",11,10,2,2,10,13,6,7,2,2,0,0,1.6,4,5.75,1.9,1.9,"June",0,"No","No","Yes","H","No","Yes","top","low","top","mid"
"302",302,302,"23/06/2020","20:15","Tottenham","West Ham",2,0,"H",0,0,"D","C Pawson",15,10,4,2,12,7,9,4,2,2,0,0,1.66,4,5,1.8,2,"June",2,"No","Yes","No","H","Yes","No","high","mid","high","low"
"303",303,303,"24/06/2020","18:00","Man United","Sheffield United",3,0,"H",2,0,"H","A Taylor",15,4,6,1,10,6,10,5,1,0,0,0,1.4,4.5,8.5,2,1.8,"June",3,"Yes","No","No","H","Yes","Yes","top","low","top","high"
"304",304,304,"24/06/2020","18:00","Newcastle","Aston Villa",1,1,"D",0,0,"D","C Kavanagh",13,14,3,2,15,13,6,9,2,2,0,0,2.3,3.3,3.2,2.1,1.72,"June",2,"No","No","Yes","H","No","Yes","mid","low","mid","low"
"305",305,305,"24/06/2020","18:00","Norwich","Everton",0,1,"A",0,0,"D","A Madley",9,12,1,5,8,13,6,5,0,1,0,0,3.9,3.6,1.9,1.8,2,"June",1,"No","Yes","No","A","Yes","No","low","high","low","mid"
"306",306,306,"24/06/2020","18:00","Wolves","Bournemouth",1,0,"H",0,0,"D","M Oliver",10,4,2,0,11,11,6,4,3,3,0,0,1.55,4,6,2.1,1.72,"June",1,"No","No","Yes","H","Yes","No","high","mid","high","low"
"307",307,307,"24/06/2020","20:15","Liverpool","Crystal Palace",4,0,"H",2,0,"H","M Atkinson",21,3,7,0,7,5,6,0,0,0,0,0,1.22,6.5,13,1.66,2.2,"June",4,"Yes","Yes","Yes","H","Yes","Yes","top","high","top","mid"
"308",308,308,"25/06/2020","18:00","Burnley","Watford",1,0,"H",0,0,"D","M Dean",9,10,5,4,13,15,1,7,1,0,0,0,3,3.25,2.45,2.2,1.66,"June",1,"No","No","Yes","A","No","No","high","mid","high","low"
"309",309,309,"25/06/2020","18:00","Southampton","Arsenal",0,2,"A",0,1,"A","G Scott",12,10,3,5,10,14,4,6,0,2,1,0,2.6,3.5,2.62,1.8,2,"June",2,"No","Yes","No","H","No","Yes","mid","top","mid","high"
"310",310,310,"25/06/2020","20:15","Chelsea","Man City",2,1,"H",1,0,"H","S Attwell",15,11,10,2,13,3,5,7,1,1,0,1,4,4,1.8,1.61,2.3,"June",3,"Yes","Yes","Yes","A","No","Yes","top","top","top","top"
"311",311,311,"27/06/2020","12:30","Aston Villa","Wolves",0,1,"A",0,0,"D","C Pawson",11,9,1,2,16,16,2,2,1,1,0,0,4.6,3.7,1.75,2.1,1.72,"June",1,"No","No","Yes","A","Yes","No","low","high","low","high"
"312",312,312,"28/06/2020","16:30","Watford","Southampton",1,3,"A",0,1,"A","M Oliver",8,11,0,7,18,9,5,3,3,0,0,0,2.5,3.3,2.87,2,1.8,"June",4,"Yes","No","No","H","No","Yes","low","mid","low","mid"
"313",313,313,"29/06/2020","20:00","Crystal Palace","Burnley",0,1,"A",0,0,"D","S Hooper",17,8,4,4,12,13,9,1,1,1,0,0,2.25,3.2,3.4,2.5,1.53,"June",1,"No","No","Yes","H","No","No","mid","low","mid","high"
"314",314,314,"30/06/2020","20:15","Brighton","Man United",0,3,"A",0,2,"A","A Marriner",8,12,2,6,10,9,4,5,0,1,0,0,6,3.8,1.61,2.1,1.72,"June",3,"Yes","No","No","A","Yes","Yes","mid","high","mid","top"
"315",315,315,"01/07/2020","18:00","Arsenal","Norwich",4,0,"H",2,0,"H","P Bankes",13,8,8,2,10,10,6,2,1,4,0,0,1.44,4.75,7,1.72,2.1,"July",4,"Yes","Yes","Yes","H","Yes","Yes","high","low","high","low"
"316",316,316,"01/07/2020","18:00","Bournemouth","Newcastle",1,4,"A",0,2,"A","K Friend",12,12,1,7,11,10,6,3,2,0,0,0,2.4,3.1,3.2,2.37,1.57,"July",5,"Yes","No","No","H","No","Yes","low","mid","low","mid"
"317",317,317,"01/07/2020","18:00","Everton","Leicester",2,1,"H",2,0,"H","D Coote",7,15,2,3,13,10,3,5,1,1,0,0,2.5,3.3,2.9,2.1,1.72,"July",3,"Yes","No","No","H","Yes","Yes","mid","high","mid","top"
"318",318,318,"01/07/2020","20:15","West Ham","Chelsea",3,2,"H",1,1,"D","M Atkinson",10,17,4,6,10,9,2,3,2,1,0,0,5.5,4.33,1.57,1.72,2.1,"July",5,"Yes","Yes","Yes","A","No","No","low","top","low","top"
"319",319,319,"02/07/2020","18:00","Sheffield United","Tottenham",3,1,"H",1,0,"H","C Kavanagh",7,9,5,2,13,13,1,6,2,0,0,0,4.2,3.4,1.95,2.2,1.66,"July",4,"Yes","No","No","A","No","Yes","high","top","high","high"
"320",320,320,"02/07/2020","20:15","Man City","Liverpool",4,0,"H",3,0,"H","A Taylor",14,11,6,3,8,7,3,3,2,2,0,0,2.05,3.9,3.3,1.57,2.37,"July",4,"Yes","Yes","Yes","H","Yes","Yes","top","top","top","top"
"321",321,321,"04/07/2020","12:30","Norwich","Brighton",0,1,"A",0,1,"A","S Attwell",12,8,1,2,11,13,0,2,2,2,0,0,3.3,3.4,2.2,2.1,1.72,"July",1,"No","No","Yes","A","Yes","Yes","low","low","low","mid"
"322",322,322,"04/07/2020","15:00","Leicester","Crystal Palace",3,0,"H",0,0,"D","J Moss",15,7,4,1,18,8,3,7,2,1,0,0,1.66,3.6,5.75,2.2,1.66,"July",3,"Yes","No","No","H","Yes","No","top","high","top","mid"
"323",323,323,"04/07/2020","15:00","Man United","Bournemouth",5,2,"H",3,1,"H","M Dean",19,7,10,3,13,12,8,3,0,1,0,0,1.16,7.5,17,1.53,2.5,"July",7,"Yes","Yes","Yes","H","Yes","Yes","top","mid","top","low"
"324",324,324,"04/07/2020","17:30","Wolves","Arsenal",0,2,"A",0,1,"A","M Oliver",10,8,1,5,6,11,3,5,2,4,0,0,2.25,3.4,3.25,2.1,1.72,"July",2,"No","No","Yes","H","No","Yes","high","top","high","high"
"325",325,325,"04/07/2020","20:00","Chelsea","Watford",3,0,"H",2,0,"H","K Friend",21,7,9,3,9,12,5,3,0,2,0,0,1.4,4.75,8,1.72,2.1,"July",3,"Yes","Yes","Yes","H","Yes","Yes","top","mid","top","low"
"326",326,326,"05/07/2020","12:00","Burnley","Sheffield United",1,1,"D",1,0,"H","P Bankes",9,10,4,3,8,14,3,9,0,0,0,0,2.9,3,2.7,2.62,1.5,"July",2,"No","No","Yes","A","No","No","high","low","high","high"
"327",327,327,"05/07/2020","14:15","Newcastle","West Ham",2,2,"D",1,1,"D","C Pawson",11,17,4,7,9,11,6,4,0,0,0,0,2.6,3.3,2.75,2,1.8,"July",4,"Yes","No","No","H","No","Yes","mid","mid","mid","low"
"328",328,328,"05/07/2020","16:30","Liverpool","Aston Villa",2,0,"H",0,0,"D","P Tierney",6,9,4,3,18,8,7,5,1,1,0,0,1.33,5.5,8.5,1.5,2.62,"July",2,"No","Yes","No","H","Yes","No","top","low","top","low"
"329",329,329,"05/07/2020","19:00","Southampton","Man City",1,0,"H",1,0,"H","A Marriner",8,26,4,6,6,7,2,13,1,2,0,0,8.5,6,1.3,1.53,2.5,"July",1,"No","Yes","No","A","No","Yes","mid","top","mid","top"
"330",330,330,"06/07/2020","20:00","Tottenham","Everton",1,0,"H",1,0,"H","G Scott",12,11,2,3,14,18,5,6,3,2,0,0,2.1,3.5,3.4,1.9,1.9,"July",1,"No","No","Yes","H","Yes","Yes","high","high","high","mid"
"331",331,331,"07/07/2020","18:00","Crystal Palace","Chelsea",2,3,"A",1,2,"A","D Coote",13,14,4,6,11,10,7,9,1,0,0,0,8.5,4.5,1.4,1.86,2.04,"July",5,"Yes","Yes","Yes","A","Yes","Yes","mid","top","mid","top"
"332",332,332,"07/07/2020","18:00","Watford","Norwich",2,1,"H",1,1,"D","A Taylor",9,12,4,3,11,15,4,3,2,4,0,0,1.7,3.75,5,2,1.8,"July",3,"Yes","No","No","H","Yes","No","low","low","low","low"
"333",333,333,"07/07/2020","20:15","Arsenal","Leicester",1,1,"D",1,0,"H","C Kavanagh",11,13,7,5,10,14,10,1,1,0,1,0,2.3,3.5,3,1.9,1.9,"July",2,"No","No","Yes","H","No","No","high","high","high","top"
"334",334,334,"08/07/2020","18:00","Man City","Newcastle",5,0,"H",2,0,"H","A Madley",23,6,9,1,12,7,8,1,0,0,0,0,1.12,9,21,1.36,3.2,"July",5,"Yes","Yes","Yes","H","Yes","Yes","top","mid","top","mid"
"335",335,335,"08/07/2020","18:00","Sheffield United","Wolves",1,0,"H",0,0,"D","M Atkinson",7,6,3,1,5,6,6,1,2,0,0,0,3.8,3.2,2.1,2.75,1.44,"July",1,"No","No","Yes","A","No","No","high","high","high","high"
"336",336,336,"08/07/2020","18:00","West Ham","Burnley",0,1,"A",0,1,"A","M Oliver",21,8,5,4,7,7,10,3,1,1,0,0,2,3.4,3.9,2,1.8,"July",1,"No","No","Yes","H","No","Yes","low","low","low","high"
"337",337,337,"08/07/2020","20:15","Brighton","Liverpool",1,3,"A",1,2,"A","C Pawson",12,19,2,8,7,15,6,10,1,4,0,0,6,4.33,1.53,1.72,2.1,"July",4,"Yes","Yes","Yes","A","Yes","Yes","mid","top","mid","top"
"338",338,338,"09/07/2020","18:00","Bournemouth","Tottenham",0,0,"D",0,0,"D","P Tierney",9,9,2,0,11,14,8,12,3,2,0,0,5.25,3.8,1.66,1.72,2.1,"July",0,"No","Yes","No","A","No","Yes","low","top","low","high"
"339",339,339,"09/07/2020","18:00","Everton","Southampton",1,1,"D",1,1,"D","L Mason",11,17,4,4,13,14,3,5,3,3,0,0,2.05,3.5,3.6,1.9,1.9,"July",2,"No","No","Yes","H","No","Yes","mid","mid","mid","mid"
"340",340,340,"09/07/2020","20:15","Aston Villa","Man United",0,3,"A",0,2,"A","J Moss",9,14,1,6,7,13,3,5,2,3,0,0,9,5.25,1.33,1.66,2.2,"July",3,"Yes","Yes","Yes","A","Yes","Yes","low","high","low","top"
"341",341,341,"11/07/2020","12:30","Norwich","West Ham",0,4,"A",0,2,"A","K Friend",11,19,2,7,9,8,1,6,1,0,0,0,3.75,3.75,1.95,1.8,2,"July",4,"Yes","Yes","Yes","A","Yes","Yes","low","mid","low","low"
"342",342,342,"11/07/2020","12:30","Watford","Newcastle",2,1,"H",0,1,"A","C Pawson",17,8,5,4,23,15,2,4,1,4,0,0,1.8,3.6,4.5,2.1,1.72,"July",3,"Yes","No","No","H","Yes","No","low","mid","low","mid"
"343",343,343,"11/07/2020","15:00","Liverpool","Burnley",1,1,"D",1,0,"H","D Coote",23,6,9,2,7,4,12,6,1,2,0,0,1.22,6.5,12,1.53,2.5,"July",2,"No","Yes","No","H","No","No","top","low","top","high"
"344",344,344,"11/07/2020","17:30","Sheffield United","Chelsea",3,0,"H",2,0,"H","A Marriner",9,15,4,4,8,6,4,6,1,0,0,0,6,3.8,1.6,2,1.8,"July",3,"Yes","No","No","A","No","Yes","high","top","high","top"
"345",345,345,"11/07/2020","20:00","Brighton","Man City",0,5,"A",0,2,"A","G Scott",3,26,0,8,7,3,2,7,1,0,0,0,10,5.5,1.28,1.53,2.5,"July",5,"Yes","Yes","Yes","A","Yes","Yes","mid","top","mid","top"
"346",346,346,"12/07/2020","12:00","Wolves","Everton",3,0,"H",1,0,"H","A Taylor",14,6,7,2,9,9,5,2,0,2,0,0,2.05,3.3,3.8,2.5,1.53,"July",3,"Yes","No","No","H","Yes","Yes","high","high","high","mid"
"347",347,347,"12/07/2020","14:15","Aston Villa","Crystal Palace",2,0,"H",1,0,"H","M Atkinson",12,9,9,5,21,21,5,1,2,4,0,1,2.25,3.3,3.3,2,1.8,"July",2,"No","No","Yes","H","Yes","Yes","low","high","low","mid"
"348",348,348,"12/07/2020","16:30","Tottenham","Arsenal",2,1,"H",1,1,"D","M Oliver",15,13,9,4,16,11,6,5,5,3,0,0,2.62,3.4,2.7,1.8,2,"July",3,"Yes","Yes","Yes","H","Yes","No","high","top","high","high"
"349",349,349,"12/07/2020","19:00","Bournemouth","Leicester",4,1,"H",0,1,"A","S Attwell",10,13,4,5,11,12,2,6,2,1,0,1,5.25,3.8,1.66,1.9,1.9,"July",5,"Yes","No","No","A","No","No","low","high","low","top"
"350",350,350,"13/07/2020","20:00","Man United","Southampton",2,2,"D",2,1,"H","C Kavanagh",8,9,4,5,14,15,4,6,1,3,0,0,1.3,5.5,10,1.61,2.3,"July",4,"Yes","Yes","Yes","H","No","No","top","mid","top","mid"
"351",351,351,"14/07/2020","20:15","Chelsea","Norwich",1,0,"H",1,0,"H","J Moss",22,2,6,0,10,9,8,1,2,2,0,0,1.12,9.5,17,1.36,3.2,"July",1,"No","Yes","No","H","Yes","Yes","top","low","top","low"
"352",352,352,"15/07/2020","18:00","Burnley","Wolves",1,1,"D",0,0,"D","M Dean",9,14,1,5,10,8,3,8,0,0,0,0,4.5,3.3,1.9,2.5,1.53,"July",2,"No","No","Yes","A","No","Yes","high","high","high","high"
"353",353,353,"15/07/2020","18:00","Man City","Bournemouth",2,1,"H",2,0,"H","L Mason",8,15,4,3,10,10,3,5,1,1,0,0,1.14,8.5,17,1.28,3.75,"July",3,"Yes","Yes","Yes","H","Yes","Yes","top","mid","top","low"
"354",354,354,"15/07/2020","18:00","Newcastle","Tottenham",1,3,"A",0,1,"A","D Coote",22,8,6,5,6,13,5,4,2,3,0,0,4.6,3.8,1.75,1.9,1.9,"July",4,"Yes","No","No","A","Yes","Yes","mid","top","mid","high"
"355",355,355,"15/07/2020","20:15","Arsenal","Liverpool",2,1,"H",2,1,"H","P Tierney",3,24,2,8,14,10,2,13,3,1,0,0,3.8,3.8,1.9,1.57,2.37,"July",3,"Yes","Yes","Yes","A","No","Yes","high","top","high","top"
"356",356,356,"16/07/2020","18:00","Everton","Aston Villa",1,1,"D",0,0,"D","A Taylor",9,15,1,1,15,13,5,5,2,1,0,0,2,3.5,3.75,1.9,1.9,"July",2,"No","No","Yes","H","No","Yes","mid","low","mid","low"
"357",357,357,"16/07/2020","18:00","Leicester","Sheffield United",2,0,"H",1,0,"H","M Oliver",15,5,7,1,12,10,9,5,1,2,0,0,2.05,3.25,3.9,2.2,1.66,"July",2,"No","No","Yes","H","Yes","Yes","top","low","top","high"
"358",358,358,"16/07/2020","20:15","Crystal Palace","Man United",0,2,"A",0,1,"A","G Scott",13,17,5,5,10,15,2,7,1,2,0,0,9.5,4.75,1.36,1.72,2.1,"July",2,"No","Yes","No","A","Yes","Yes","mid","high","mid","top"
"359",359,359,"16/07/2020","20:15","Southampton","Brighton",1,1,"D",0,1,"A","A Marriner",21,10,6,2,6,10,8,2,1,0,0,0,2.15,3.3,3.5,2.1,1.72,"July",2,"No","No","Yes","H","No","No","mid","low","mid","mid"
"360",360,360,"17/07/2020","20:00","West Ham","Watford",3,1,"H",3,0,"H","M Atkinson",10,14,4,3,11,11,9,3,0,2,0,0,2.4,3,3.3,2,1.8,"July",4,"Yes","No","No","D","No","Yes","low","mid","low","low"
"361",361,361,"18/07/2020","17:30","Norwich","Burnley",0,2,"A",0,1,"A","K Friend",6,23,2,8,9,16,6,8,0,0,2,0,3.2,3.4,2.25,2,1.8,"July",2,"No","No","Yes","A","Yes","Yes","low","low","low","high"
"362",362,362,"19/07/2020","14:00","Bournemouth","Southampton",0,2,"A",0,1,"A","C Pawson",11,16,3,8,12,11,12,6,2,2,0,0,2.4,3.6,2.8,1.72,2.1,"July",2,"No","Yes","No","H","No","Yes","low","mid","low","mid"
"363",363,363,"19/07/2020","16:00","Tottenham","Leicester",3,0,"H",3,0,"H","A Taylor",7,24,3,6,15,10,4,13,2,1,0,0,2.25,3.3,3.25,1.9,1.9,"July",3,"Yes","No","No","H","Yes","Yes","high","high","high","top"
"364",364,364,"20/07/2020","18:00","Brighton","Newcastle",0,0,"D",0,0,"D","S Hooper",11,12,3,1,13,12,9,7,4,2,0,0,1.9,3.4,4.33,2.1,1.72,"July",0,"No","No","Yes","H","No","Yes","mid","mid","mid","mid"
"365",365,365,"20/07/2020","18:00","Sheffield United","Everton",0,1,"A",0,0,"D","S Attwell",8,5,0,2,11,19,7,1,1,3,0,0,2.2,3.25,3.5,2.3,1.61,"July",1,"No","No","Yes","H","No","No","high","high","high","mid"
"366",366,366,"20/07/2020","20:15","Wolves","Crystal Palace",2,0,"H",1,0,"H","P Bankes",11,7,5,3,11,15,5,2,2,1,0,0,1.5,4,7.5,2.3,1.61,"July",2,"No","No","Yes","H","Yes","Yes","high","high","high","mid"
"367",367,367,"21/07/2020","18:00","Watford","Man City",0,4,"A",0,2,"A","M Oliver",2,26,0,10,14,11,0,8,2,0,0,0,8.5,5.5,1.33,1.5,2.62,"July",4,"Yes","Yes","Yes","A","Yes","Yes","low","top","low","top"
"368",368,368,"21/07/2020","20:15","Aston Villa","Arsenal",1,0,"H",1,0,"H","C Kavanagh",8,7,3,0,13,19,8,9,2,4,0,0,3.3,3.6,2.1,1.66,2.2,"July",1,"No","Yes","No","A","No","Yes","low","top","low","high"
"369",369,369,"22/07/2020","18:00","Man United","West Ham",1,1,"D",0,1,"A","P Tierney",11,12,4,3,10,9,2,3,3,1,0,0,1.22,6.5,11,1.5,2.62,"July",2,"No","Yes","No","H","No","No","top","mid","top","low"
"370",370,370,"22/07/2020","20:15","Liverpool","Chelsea",5,3,"H",3,1,"H","A Marriner",10,10,7,5,8,11,6,0,1,0,0,0,2,3.75,3.5,1.57,2.37,"July",8,"Yes","Yes","Yes","H","Yes","Yes","top","top","top","top"
"371",371,371,"26/07/2020","16:00","Arsenal","Watford",3,2,"H",3,1,"H","M Dean",13,19,5,6,9,12,4,8,3,3,0,0,1.9,3.8,3.8,1.61,2.3,"July",5,"Yes","Yes","Yes","H","Yes","Yes","high","mid","high","low"
"372",372,372,"26/07/2020","16:00","Burnley","Brighton",1,2,"A",1,1,"D","J Moss",13,14,2,4,11,11,6,7,3,0,0,0,2.37,3.4,3,1.9,1.9,"July",3,"Yes","No","No","H","No","No","high","low","high","mid"
"373",373,373,"26/07/2020","16:00","Chelsea","Wolves",2,0,"H",2,0,"H","S Attwell",11,5,3,1,10,16,3,3,2,3,0,0,1.85,3.8,4,1.9,1.9,"July",2,"No","No","Yes","H","Yes","Yes","top","high","top","high"
"374",374,374,"26/07/2020","16:00","Crystal Palace","Tottenham",1,1,"D",0,1,"A","A Marriner",13,7,2,2,11,13,7,2,3,2,0,0,6,4.2,1.55,1.72,2.1,"July",2,"No","Yes","No","A","No","No","mid","top","mid","high"
"375",375,375,"26/07/2020","16:00","Everton","Bournemouth",1,3,"A",1,2,"A","C Kavanagh",13,13,5,7,11,9,2,5,1,0,0,0,2.25,3.7,3,1.57,2.37,"July",4,"Yes","Yes","Yes","H","No","Yes","mid","mid","mid","low"
"376",376,376,"26/07/2020","16:00","Leicester","Man United",0,2,"A",0,0,"D","M Atkinson",14,7,3,3,12,11,3,3,1,4,1,0,3.25,3.5,2.2,1.9,1.9,"July",2,"No","No","Yes","A","Yes","No","top","high","top","top"
"377",377,377,"26/07/2020","16:00","Man City","Norwich",5,0,"H",2,0,"H","C Pawson",31,5,10,4,7,4,9,0,1,1,0,0,1.08,11,26,1.22,4.33,"July",5,"Yes","Yes","Yes","H","Yes","Yes","top","low","top","low"
"378",378,378,"26/07/2020","16:00","Newcastle","Liverpool",1,3,"A",1,1,"D","A Taylor",3,14,2,6,11,5,2,4,1,0,0,0,7.5,5.25,1.36,1.53,2.5,"July",4,"Yes","Yes","Yes","A","Yes","No","mid","top","mid","top"
"379",379,379,"26/07/2020","16:00","Southampton","Sheffield United",3,1,"H",0,1,"A","P Bankes",13,5,4,3,9,16,9,1,0,1,0,0,2.15,3.5,3.3,1.9,1.9,"July",4,"Yes","No","No","H","Yes","No","mid","low","mid","high"
"380",380,380,"26/07/2020","16:00","West Ham","Aston Villa",1,1,"D",0,0,"D","M Oliver",10,13,1,4,16,13,0,7,2,1,0,0,3,3.6,2.3,1.66,2.2,"July",2,"No","Yes","No","A","No","Yes","low","low","low","low"
